Coordinates,LN-T1,LC-T1,LC-1,LC-100,LC-12,LC-16,LC-18,LC-19,LC-2,LC-20,LC-22,LC-24,LC-25,LC-26,LC-29,LC-3,LC-30,LC-31,LC-36,LC-37,LC-40,LC-41,LC-43,LC-44,LC-45,LC-47,LC-48,LC-49,LC-5,LC-50,LC-52,LC-54,LC-56,LC-6,LC-60,LC-61,LC-63,LC-66,LC-69,LC-7,LC-70,LC-72,LC-73,LC-74,LC-76,LC-78,LC-79,LC-8,LC-80,LC-82,LC-86,LC-87,LC-88,LC-89,LC-9,LC-90,LC-91,LC-93,LC-94,LC-97
"1,109658366,1,G/T",G,G,G,-,-,K,-,K,-,-,-,G,K,G,-,G,-,-,G,K,G,-,-,G,-,G,-,G,-,G,G,G,-,-,G,-,G,-,K,-,G,G,-,-,-,G,-,-,G,-,-,-,-,-,G,-,K,-,-,-
"1,11657832,1,A/C",A,M,-,C,M,M,-,-,-,-,A,-,A,-,C,M,-,-,-,-,C,-,A,-,M,M,M,M,A,A,M,C,M,M,C,M,M,M,-,M,-,M,M,M,-,-,M,-,-,M,C,M,-,C,-,-,-,A,M,A
"1,116944223,1,C/A",C,M,C,C,C,C,-,-,-,-,C,M,C,C,M,-,M,-,M,M,C,-,C,-,M,M,-,C,M,M,M,C,C,M,M,M,M,-,-,-,-,M,-,M,C,M,M,-,-,M,-,M,-,M,-,-,-,C,C,C
"1,116948115,1,C/G",C,C,C,C,C,C,-,-,C,-,C,C,C,C,C,C,-,-,S,-,C,C,S,C,-,S,-,C,S,-,S,C,C,S,C,-,-,-,C,-,C,S,-,-,C,S,-,-,C,C,S,S,-,-,-,-,C,C,C,C
"1,11728503,1,T/C",T,T,T,-,T,-,T,-,-,T,-,T,Y,T,T,T,-,T,-,T,-,T,T,-,T,T,T,T,Y,T,T,T,T,T,T,T,T,T,T,-,T,-,-,T,T,T,T,T,T,T,T,-,-,-,-,Y,Y,-,Y,T
"1,12550775,1,C/T",C,Y,-,-,-,-,-,-,T,-,Y,-,-,-,-,-,-,C,T,-,C,-,Y,C,Y,-,-,T,-,-,T,-,-,-,-,-,C,-,C,T,-,T,-,-,-,-,-,-,Y,-,C,-,-,-,-,Y,T,-,Y,-
"1,12776525,1,T/C",T,-,Y,-,T,-,-,T,T,-,T,T,T,-,T,-,Y,T,T,T,T,T,-,T,Y,T,T,-,T,T,-,T,-,T,T,-,T,-,-,-,-,T,-,T,-,Y,T,T,T,-,T,-,T,-,Y,T,T,T,T,Y
"1,12829786,1,T/A",T,W,W,T,T,T,T,T,T,W,-,T,T,T,W,T,T,T,-,T,-,-,-,T,W,T,T,T,-,T,T,T,-,T,T,W,T,T,W,-,-,W,T,-,T,W,T,-,W,T,T,-,-,-,-,-,T,T,W,T
"1,143666645,1,A/G",A,-,-,-,-,-,-,A,-,-,-,-,-,-,-,-,R,-,-,-,A,-,A,-,R,A,-,-,R,-,-,-,R,R,-,A,-,-,-,A,A,-,A,R,A,A,-,-,A,A,R,-,A,-,A,-,-,-,R,R
"1,144768508,1,A/C",A,M,-,M,-,A,-,-,-,A,A,A,M,-,M,M,M,A,A,M,M,A,A,M,M,M,A,M,A,M,A,-,M,-,-,A,M,M,M,-,A,-,-,A,A,-,A,-,A,A,A,A,-,M,A,-,A,-,A,A
"1,145232078,1,C/G",C,S,S,S,G,S,-,-,-,-,S,-,C,-,-,-,-,-,-,-,C,-,-,-,-,-,S,C,C,S,-,S,S,-,-,-,-,S,-,-,-,S,-,S,-,-,G,-,-,-,S,-,-,-,-,S,-,-,-,-
"1,145233686,1,A/G",A,R,R,G,-,-,-,-,-,-,-,-,A,-,-,-,R,-,-,-,-,-,-,-,-,-,-,-,-,-,R,-,-,-,R,-,-,-,-,-,-,R,-,-,-,-,-,-,-,-,-,-,-,-,-,A,G,-,-,-
"1,146477671,1,C/T",C,C,-,C,C,C,C,-,C,C,C,C,C,C,C,C,-,C,Y,-,C,-,C,C,C,C,C,C,-,C,C,C,C,Y,C,C,C,-,C,C,Y,C,C,C,C,C,C,C,Y,C,C,Y,C,C,-,C,Y,-,C,-
"1,146846170,1,C/G",C,C,C,C,S,C,-,C,-,-,-,-,C,-,C,-,-,C,C,-,C,C,C,C,C,C,S,C,-,-,S,C,C,-,C,C,C,-,-,-,-,C,-,S,C,S,-,-,S,-,C,-,C,-,-,-,C,S,C,S
"1,146846198,1,C/G",C,C,C,C,S,C,-,C,-,-,-,C,C,-,C,-,-,-,C,-,C,C,C,C,C,C,-,C,-,-,S,C,C,C,C,C,C,C,C,-,-,C,-,S,C,-,-,-,S,-,C,C,C,-,-,-,C,S,C,S
"1,146846205,1,G/T",G,-,G,G,K,G,-,G,-,-,-,K,G,-,G,-,-,-,G,-,G,G,G,G,-,G,-,G,-,-,K,-,G,G,G,-,G,G,-,-,-,G,-,K,G,-,-,-,K,K,G,G,G,-,-,-,-,-,G,K
"1,146846260,1,T/C",T,T,T,T,T,T,-,-,-,T,-,T,T,-,T,T,-,-,-,-,-,T,T,-,T,-,T,T,T,-,T,T,Y,T,-,-,T,T,T,-,T,T,T,T,Y,T,-,-,-,-,T,T,Y,-,-,T,Y,T,Y,-
"1,147021376,1,T/C",T,T,T,Y,-,T,-,T,-,Y,T,Y,Y,Y,T,Y,T,Y,T,T,Y,T,-,Y,T,-,Y,T,T,Y,Y,Y,Y,T,-,Y,T,Y,T,T,T,T,Y,Y,T,Y,Y,T,T,Y,Y,-,-,T,-,T,T,T,-,T
"1,151854903,1,A/G",A,R,-,R,-,-,-,-,-,-,R,-,-,-,-,-,-,-,-,-,-,-,-,G,-,-,-,-,-,A,R,G,-,-,R,-,R,-,-,-,G,-,-,-,-,-,R,-,G,-,A,-,-,-,-,-,-,-,R,-
"1,151869485,1,C/G",C,S,C,S,-,G,-,-,-,-,-,-,-,-,-,-,-,-,S,-,-,-,-,G,-,-,-,-,-,C,-,S,-,-,-,-,S,-,-,-,-,G,-,-,-,-,-,-,S,S,-,-,-,-,-,-,-,-,S,-
"1,152561280,1,C/T",C,Y,Y,-,C,-,-,-,-,-,-,-,-,T,-,-,-,C,-,T,-,-,C,-,Y,-,-,Y,Y,-,Y,Y,-,-,Y,-,C,Y,Y,-,-,T,-,Y,C,-,Y,-,C,Y,-,-,-,-,-,-,-,-,Y,-
"1,152780955,1,A/C",A,M,-,-,-,-,M,-,-,M,A,-,-,-,-,-,-,-,-,-,C,-,-,-,-,-,-,M,-,-,-,-,-,-,-,-,-,-,-,-,-,C,-,-,C,A,C,-,-,-,M,-,-,-,-,-,-,-,A,-
"1,154973183,1,G/C",G,S,-,C,-,S,-,-,-,-,S,G,-,S,S,G,-,-,-,S,C,-,-,S,-,S,S,S,-,G,S,S,S,-,S,S,C,S,S,-,-,S,S,-,-,G,S,S,S,G,S,C,S,-,-,-,-,S,C,C
"1,154974321,1,G/A",G,R,-,A,-,-,-,-,-,-,-,G,-,R,-,G,A,-,-,-,A,A,R,R,G,-,-,R,-,-,R,R,R,-,R,R,A,R,R,-,-,-,-,G,-,G,-,R,-,G,R,-,R,-,-,-,-,R,A,A
"1,155082545,1,C/T",C,Y,C,T,-,-,-,-,-,Y,-,-,-,T,-,-,-,-,-,Y,-,-,-,C,-,Y,-,Y,-,-,C,Y,Y,-,Y,T,Y,-,C,C,-,C,-,Y,-,-,Y,-,-,Y,T,-,-,-,-,-,-,-,Y,-
"1,155110166,1,A/G",A,R,-,G,-,G,-,G,A,R,R,-,-,R,-,-,G,-,-,R,-,-,A,A,-,-,G,-,-,G,R,A,-,R,-,R,-,-,A,-,R,R,-,A,A,R,R,-,A,R,-,A,-,-,-,A,-,A,A,R
"1,155146019,1,T/C",T,Y,-,Y,-,C,-,T,-,Y,-,-,-,Y,C,-,C,-,C,-,-,C,-,-,Y,Y,Y,-,-,-,Y,Y,-,-,Y,C,C,Y,Y,Y,-,-,-,-,T,-,Y,Y,Y,-,Y,T,-,-,-,-,-,T,-,-
"1,155148583,1,T/C",T,Y,-,Y,-,C,-,T,-,-,-,-,-,-,C,Y,C,-,-,-,-,Y,-,-,T,-,-,Y,Y,-,Y,-,Y,Y,Y,C,C,Y,-,Y,-,Y,-,Y,T,-,Y,-,-,C,Y,T,-,T,-,-,-,T,T,-
"1,156935966,1,T/G",T,-,-,-,-,-,T,-,-,-,T,-,K,-,-,-,T,-,-,T,-,-,T,-,-,-,-,T,-,T,-,T,-,-,-,T,T,-,-,-,-,T,-,T,-,-,K,K,-,-,-,-,-,-,-,K,T,K,K,-
"1,15832473,1,C/G",C,-,S,C,-,C,-,C,S,-,S,-,-,-,-,-,-,-,-,-,-,-,C,G,-,S,-,-,-,S,S,-,-,S,S,S,S,S,-,S,S,-,-,S,-,C,S,-,S,-,S,C,S,G,S,-,-,S,S,C
"1,16255305,1,T/C",T,-,Y,Y,-,-,-,-,-,Y,-,-,-,-,C,-,-,-,-,-,-,-,-,T,-,Y,T,-,-,-,Y,-,Y,-,-,Y,T,-,Y,-,T,-,-,Y,-,-,Y,-,-,-,-,-,T,-,-,-,-,-,Y,Y
"1,16255317,1,C/T",C,Y,Y,Y,-,-,-,-,-,Y,-,-,-,-,T,-,-,-,-,T,-,-,Y,C,-,Y,-,Y,-,-,Y,-,Y,Y,Y,Y,C,-,Y,-,C,-,Y,Y,-,-,Y,-,Y,-,-,Y,C,C,-,-,C,Y,-,Y
"1,1674332,1,C/T",C,-,-,-,-,-,Y,Y,-,-,C,-,-,-,-,-,-,-,-,C,-,-,-,-,Y,-,T,Y,Y,-,-,-,-,-,Y,Y,-,-,Y,-,-,Y,-,Y,-,-,Y,-,-,C,Y,-,-,-,-,-,-,Y,Y,-
"1,167523125,1,C/T",C,Y,-,-,-,Y,Y,-,-,-,-,-,-,-,-,-,T,-,-,-,-,-,T,-,-,Y,-,-,-,Y,-,T,Y,-,-,C,-,Y,Y,Y,-,Y,-,Y,T,-,-,-,Y,-,-,Y,C,T,T,-,-,Y,-,Y
"1,170021793,1,A/G",A,-,-,R,-,R,-,-,-,-,A,A,-,G,R,-,-,A,-,-,A,-,-,G,R,G,-,R,-,G,R,G,-,G,R,R,R,-,-,-,-,-,G,G,A,G,R,-,A,-,-,-,-,G,-,-,R,A,-,-
"1,172101228,1,G/A",G,R,-,R,-,-,-,-,R,-,-,-,-,G,-,-,-,R,A,G,G,-,-,R,G,R,-,R,R,G,-,R,-,-,R,-,R,-,A,-,R,-,-,G,-,R,R,R,A,A,R,-,-,-,-,-,-,R,-,A
"1,172101255,1,G/A",G,-,-,R,-,-,-,-,-,-,-,-,-,G,-,-,-,R,A,R,G,-,R,R,G,R,-,-,R,G,-,R,-,-,R,-,R,-,A,A,R,-,-,G,-,R,R,R,A,-,R,-,-,-,-,-,-,R,-,-
"1,17470308,1,A/G",A,-,-,-,-,-,-,-,-,-,G,-,-,-,-,-,-,-,A,-,-,-,A,-,-,G,-,-,-,-,G,-,R,-,-,R,-,-,-,G,-,-,-,-,-,-,-,-,-,R,-,R,A,-,A,-,-,-,-,-
"1,175465946,1,C/T",C,Y,-,-,-,C,-,-,-,C,Y,T,-,-,-,-,C,-,-,-,-,-,-,Y,Y,-,-,-,-,-,-,C,-,-,-,Y,C,-,-,C,T,-,-,Y,-,-,-,-,C,C,Y,T,-,Y,-,C,-,T,-,C
"1,17863783,1,G/A",G,R,G,R,-,-,-,-,-,-,-,-,A,-,R,A,G,G,-,G,G,A,A,-,-,-,R,R,-,R,-,R,R,A,R,-,-,-,-,-,-,G,-,-,G,G,-,A,-,A,G,-,R,-,-,R,-,-,G,-
"1,180621473,1,A/G",A,R,R,R,-,-,-,A,-,-,-,-,R,-,-,R,R,-,-,G,-,A,-,A,-,-,R,R,R,G,R,A,R,G,R,-,-,R,R,R,-,A,-,R,-,-,R,-,R,R,R,-,-,R,-,R,R,A,R,-
"1,181368094,1,G/A",G,R,R,R,-,-,-,-,-,-,-,A,-,G,-,G,-,-,-,R,A,-,-,-,-,-,G,-,G,R,-,-,R,R,R,-,R,-,-,G,-,-,-,-,-,R,-,-,G,-,-,-,-,A,-,R,G,G,-,-
"1,183450531,1,G/A",G,R,-,-,-,R,-,-,G,-,-,-,-,-,R,-,A,-,-,R,-,-,-,-,-,R,-,-,-,-,R,-,R,-,-,-,-,-,-,-,-,R,-,-,-,-,-,-,R,G,-,R,A,-,A,-,-,-,A,G
"1,191360998,1,C/T",C,-,-,C,C,-,Y,C,-,-,-,-,-,-,-,-,-,-,Y,-,-,-,C,-,C,-,-,-,Y,-,-,-,Y,-,-,-,-,-,-,-,-,C,-,C,-,-,-,-,-,C,-,C,C,-,Y,-,-,-,-,-
"1,199607803,1,G/C",G,-,G,G,-,G,-,G,G,G,G,S,-,-,G,-,-,S,-,-,S,-,G,G,S,S,G,G,-,-,G,G,G,G,S,-,G,-,G,G,G,G,-,S,-,G,G,S,S,S,S,-,-,G,-,G,G,-,-,-
"1,200249865,1,T/C",T,Y,-,C,T,Y,C,C,-,-,-,Y,-,-,-,-,-,-,-,-,-,-,C,Y,Y,Y,Y,-,-,T,-,T,-,T,Y,-,-,C,Y,-,Y,T,-,Y,T,-,Y,-,Y,-,-,-,Y,Y,Y,T,-,Y,-,Y
"1,201722721,1,T/C",T,Y,-,-,-,-,C,C,-,-,-,-,-,-,-,C,-,-,-,-,-,-,-,-,C,Y,-,-,-,C,Y,-,-,T,T,-,-,-,-,-,Y,-,-,-,-,T,-,-,-,-,-,-,-,-,-,T,-,-,-,-
"1,203307566,1,C/G",C,S,-,-,-,-,-,-,-,-,-,-,-,-,-,-,-,-,-,-,G,-,G,G,-,C,-,-,-,S,-,-,-,-,S,G,-,-,-,-,-,C,-,G,-,-,S,-,-,-,-,-,-,-,-,-,-,-,S,-
"1,204971288,1,A/G",A,A,-,A,-,A,-,-,-,A,-,-,-,R,A,A,-,-,A,-,-,-,-,-,A,A,-,A,A,-,-,A,A,-,-,-,A,A,A,-,-,R,-,-,A,-,-,-,A,-,A,R,-,-,-,R,R,-,-,-
"1,208070011,1,C/A",C,M,C,-,-,A,-,M,-,-,A,-,-,A,-,-,C,C,-,-,-,-,-,A,-,M,-,-,M,-,-,-,M,-,-,M,M,-,-,-,-,-,-,-,C,-,-,-,-,-,-,M,-,M,-,-,-,-,-,-
"1,209347361,1,A/G",A,-,-,A,-,-,A,R,-,-,R,-,A,-,A,A,-,-,R,-,-,-,A,-,A,-,-,-,-,-,-,-,-,-,A,A,-,A,-,-,A,A,-,A,-,-,A,A,R,-,A,-,-,-,-,-,A,R,-,A
"1,22204409,1,C/T",C,C,C,C,C,Y,-,-,C,-,C,C,C,-,C,C,C,Y,C,Y,C,C,-,C,Y,-,-,C,C,C,C,C,Y,C,C,C,C,-,-,-,C,-,C,C,-,C,C,-,C,C,C,Y,-,C,-,C,C,-,C,-
"1,22206184,1,A/G",A,A,-,A,-,-,-,-,A,-,A,A,A,-,A,R,A,R,A,R,-,A,-,A,R,-,-,A,A,A,A,-,-,-,A,-,A,-,A,-,-,-,A,A,-,-,A,A,A,A,R,R,-,A,-,-,-,-,A,-
"1,224122218,1,G/A",G,R,R,R,G,G,R,R,-,R,A,G,-,-,A,G,R,-,R,-,R,-,A,A,-,G,R,R,-,-,R,A,R,G,R,R,-,R,R,R,-,R,-,R,R,-,R,G,A,G,R,A,-,-,-,-,R,R,A,-
"1,224618129,1,T/C",T,Y,-,-,Y,Y,-,Y,-,Y,-,-,-,-,-,-,C,-,Y,-,Y,-,-,-,Y,Y,Y,Y,-,Y,Y,Y,Y,T,C,-,-,Y,C,T,C,T,C,Y,-,T,Y,-,-,Y,-,-,-,-,-,-,Y,T,C,Y
"1,228889230,1,A/G",A,R,-,R,R,-,-,A,-,-,-,R,-,-,-,-,-,-,-,R,-,-,-,-,-,-,R,-,G,G,-,-,A,-,R,-,G,-,-,-,R,-,A,-,-,-,-,R,R,A,-,G,R,-,R,-,-,R,-,-
"1,245721898,1,C/T",C,Y,-,-,-,-,C,-,-,-,-,-,-,C,Y,-,Y,Y,-,C,Y,-,Y,-,-,Y,-,-,Y,-,-,-,Y,T,Y,-,Y,C,-,T,-,T,-,-,-,-,-,Y,Y,-,Y,C,-,C,Y,-,-,-,-,C
"1,245722139,1,T/C",T,Y,-,-,-,-,-,-,-,-,-,-,-,-,-,-,-,-,-,-,-,-,-,-,-,-,-,-,Y,-,-,-,-,-,-,Y,-,-,Y,C,-,C,-,-,-,-,-,-,-,-,Y,T,-,-,-,-,-,-,-,-
"1,25765808,1,T/G",T,-,-,-,-,-,-,-,-,G,-,-,-,-,G,-,-,-,G,-,-,-,-,-,K,-,G,-,-,-,-,-,-,-,K,K,T,-,-,-,-,-,-,T,T,-,-,-,-,-,G,-,-,-,-,-,-,-,-,-
"1,28470874,1,C/T",C,Y,Y,Y,Y,Y,T,-,Y,-,Y,-,-,-,C,Y,C,Y,-,T,T,-,C,T,C,Y,Y,Y,-,C,C,C,Y,-,-,Y,C,Y,-,-,-,Y,C,Y,T,T,-,-,Y,Y,Y,T,Y,C,Y,C,Y,T,T,Y
"1,36325445,1,G/T",G,K,G,K,K,K,K,-,-,T,K,G,G,-,T,-,-,-,-,-,-,T,-,G,-,K,K,K,-,K,K,K,K,G,G,T,G,G,K,G,-,G,-,K,-,K,K,T,K,-,-,-,-,T,G,K,K,K,-,-
"1,36338326,1,C/T",C,Y,-,-,-,-,-,-,Y,C,Y,-,-,-,-,T,-,-,-,C,-,C,-,-,Y,-,Y,Y,-,C,Y,-,Y,-,Y,Y,-,-,-,-,Y,T,-,Y,-,Y,-,-,-,Y,Y,-,-,C,Y,C,C,-,Y,-
"1,38073837,1,A/G",A,R,-,-,-,-,-,-,-,-,-,A,-,R,-,-,-,-,R,A,-,-,R,-,R,-,-,-,A,R,R,-,R,-,G,-,R,-,-,-,R,-,-,-,-,G,R,-,R,-,A,-,-,-,G,A,-,R,-,A
"1,39760509,1,A/C",A,-,-,C,-,M,-,-,-,-,-,-,C,-,-,-,-,-,-,-,C,-,-,-,-,-,-,-,-,C,-,-,-,-,-,-,A,M,-,-,-,M,-,M,A,-,-,-,-,-,M,-,C,A,-,C,-,-,C,-
"1,40001906,1,G/A",G,G,-,G,-,G,G,-,-,-,-,G,G,G,-,G,-,G,-,-,G,-,-,-,R,R,-,-,-,G,G,R,R,R,G,-,G,G,G,-,R,R,-,R,-,A,-,-,-,G,R,-,G,G,G,G,-,-,G,-
"1,45241742,1,T/C",T,-,Y,Y,Y,Y,Y,-,Y,-,-,-,Y,Y,Y,Y,T,C,T,C,C,-,-,Y,C,-,-,-,-,-,-,C,-,-,-,-,Y,-,C,C,-,C,T,Y,T,-,Y,T,-,Y,-,T,-,-,C,C,Y,-,-,Y
"1,46927685,1,G/A",G,R,-,-,-,-,-,-,-,-,-,R,-,-,-,-,-,-,-,-,-,-,-,-,-,-,-,-,R,-,-,-,-,-,-,-,-,-,R,-,-,-,-,-,-,-,-,-,-,A,-,-,-,-,-,-,G,R,-,-
"1,6532903,1,T/C",T,Y,-,Y,-,-,Y,-,C,-,Y,C,-,-,T,-,-,C,-,-,C,-,T,-,-,Y,-,-,-,-,-,Y,Y,-,Y,-,-,-,-,-,-,Y,-,-,-,-,-,T,-,-,-,-,T,-,-,-,-,-,-,-
"1,6532953,1,T/C",T,Y,-,Y,-,-,-,-,C,-,Y,C,-,-,T,-,-,C,-,-,C,-,T,-,Y,Y,Y,-,-,-,-,Y,-,-,Y,-,-,-,Y,-,-,Y,-,-,-,-,-,Y,-,T,-,-,-,-,-,-,-,-,-,-
"1,6568453,1,T/C",T,Y,-,-,-,-,Y,-,-,-,-,-,C,-,-,-,-,-,-,-,-,-,-,C,Y,Y,-,Y,-,C,-,Y,Y,-,Y,-,Y,-,Y,-,-,Y,-,C,-,-,Y,-,Y,-,-,C,-,-,-,Y,C,-,-,-
"1,861197,1,G/T",G,K,-,K,-,-,K,-,-,T,-,-,-,K,K,-,-,-,-,G,-,-,-,-,-,K,K,-,-,-,T,-,-,-,-,-,G,-,-,G,-,G,-,G,-,K,-,-,K,-,K,T,-,K,-,-,-,G,-,-
"1,9229436,1,C/T",C,Y,-,T,-,Y,-,-,-,-,-,-,T,C,Y,-,-,-,-,Y,C,-,-,Y,-,C,Y,Y,T,Y,Y,-,-,Y,-,Y,-,-,Y,Y,Y,-,Y,-,-,-,Y,Y,-,Y,T,-,C,Y,Y,Y,-,Y,-,-
"1,924909,1,A/G",A,R,-,R,-,-,R,-,-,A,-,-,-,-,G,G,-,-,A,-,-,-,-,-,-,A,-,R,-,-,-,G,R,-,-,A,G,-,-,-,-,G,-,-,-,-,-,R,-,-,-,-,-,G,-,-,R,G,R,-
"1,93805782,1,C/T",C,Y,Y,Y,Y,T,Y,C,-,-,-,-,-,T,-,T,T,T,C,Y,-,-,T,C,T,-,-,-,-,-,Y,Y,Y,-,-,-,T,-,T,-,Y,Y,-,-,-,-,Y,Y,Y,-,Y,-,-,-,-,-,C,-,Y,Y
"10,102255060,1,C/A",C,C,-,C,-,-,-,-,-,-,M,-,C,-,C,-,-,M,-,C,-,-,M,-,M,C,C,C,-,C,M,M,M,-,-,C,-,C,C,-,C,-,-,-,-,M,C,-,M,-,-,C,-,C,C,C,M,-,C,C
"10,102770345,1,G/T",G,G,G,K,-,-,-,G,-,-,K,-,K,K,G,-,-,K,-,-,-,G,K,G,K,-,G,-,-,G,G,K,G,G,G,G,-,G,G,-,G,-,K,G,-,K,-,G,G,G,G,-,-,G,-,G,-,-,-,G
"10,105098445,1,T/C",T,Y,-,-,-,-,-,C,C,-,C,-,-,-,-,T,-,T,-,-,-,-,C,Y,-,-,T,Y,-,-,-,-,Y,Y,Y,T,-,Y,Y,-,T,-,Y,Y,C,C,Y,Y,Y,Y,-,-,-,Y,C,T,-,-,Y,Y
"10,115402676,1,G/A",G,R,R,R,R,-,G,-,R,-,R,R,A,-,-,-,G,-,G,A,A,-,A,R,A,R,R,R,R,-,R,-,R,-,R,R,A,R,-,R,A,-,R,R,-,R,R,-,R,-,R,-,G,G,A,-,R,-,G,A
"10,11837681,1,G/A",G,-,-,G,-,-,G,G,-,-,-,-,-,-,A,-,-,-,-,G,R,-,-,-,-,R,G,R,-,-,-,-,R,-,-,A,-,-,-,G,-,-,-,-,-,-,-,-,G,-,-,-,-,R,R,R,-,R,R,-
"10,119004921,1,C/T",C,Y,Y,-,-,Y,Y,Y,-,-,Y,-,Y,Y,-,C,Y,T,-,-,-,Y,Y,Y,-,C,Y,Y,Y,Y,Y,Y,Y,Y,Y,Y,-,T,-,Y,T,Y,-,C,-,Y,T,C,Y,C,T,-,T,-,T,C,T,-,-,C
"10,123714938,1,A/G",A,R,-,-,-,-,-,-,-,-,A,G,R,-,-,-,-,-,-,A,-,A,A,-,-,R,-,-,-,-,-,R,-,A,R,-,-,-,-,R,-,-,-,-,-,-,A,A,-,A,-,A,-,A,R,-,-,-,A,A
"10,126717637,1,C/G",C,S,C,C,S,C,-,C,C,-,C,S,S,C,C,C,C,C,C,C,-,C,-,S,C,C,C,C,C,C,C,C,S,C,C,C,C,S,C,C,C,C,-,-,C,C,C,-,-,S,C,-,C,C,C,S,S,C,C,S
"10,12910720,1,G/A",G,R,-,R,A,-,R,-,G,-,-,-,A,-,-,-,A,G,A,-,-,-,A,A,A,-,-,-,G,R,R,-,R,R,R,-,R,R,-,G,R,G,-,-,-,-,R,R,R,R,-,-,R,-,A,R,-,A,G,A
"10,133867378,1,C/G",C,S,-,S,-,C,-,-,G,-,G,-,-,-,-,G,-,-,-,-,-,-,-,-,-,S,-,S,-,-,-,S,S,-,C,-,G,-,S,-,-,-,-,S,G,-,-,-,-,S,C,-,-,-,-,G,-,-,-,-
"10,15146447,1,G/A",G,R,G,-,R,-,G,-,-,-,R,-,R,A,A,-,-,G,-,G,-,G,R,R,G,R,R,A,-,A,R,R,R,R,R,-,R,R,-,-,-,-,-,-,-,-,-,-,G,G,R,-,G,G,-,-,A,-,-,A
"10,22010083,1,T/C",T,Y,-,-,-,Y,-,Y,-,T,-,-,Y,Y,-,-,Y,-,-,Y,C,Y,-,-,-,-,-,-,Y,-,-,-,-,-,-,-,Y,-,-,C,Y,Y,-,-,-,-,-,-,Y,C,-,-,-,C,-,-,T,Y,C,C
"10,29824010,1,A/G",A,R,-,-,-,-,-,-,-,-,A,A,-,-,-,-,-,-,-,A,-,-,A,-,A,R,-,-,A,R,R,-,R,-,-,-,-,-,-,-,A,-,-,R,-,-,-,-,A,-,A,-,-,-,-,R,-,A,-,-
"10,35936963,1,G/A",G,R,G,G,G,-,-,-,-,-,A,-,R,G,G,A,R,-,-,-,-,G,-,-,-,-,-,R,G,-,R,-,-,-,R,G,G,R,-,-,-,-,-,-,G,G,-,-,G,R,-,-,-,-,G,G,-,-,-,-
"10,37546617,1,G/A",G,G,-,-,-,-,-,-,-,-,-,-,-,R,-,-,G,G,-,-,-,G,-,R,-,-,-,-,G,-,-,R,-,R,G,-,R,G,G,-,G,-,-,-,-,-,G,-,-,-,G,-,-,G,-,-,-,G,-,-
"10,46588543,1,C/T",C,Y,-,C,-,-,-,-,-,-,-,-,-,-,C,-,-,-,-,-,-,-,C,C,-,Y,-,Y,-,C,C,-,C,C,Y,Y,Y,C,-,-,-,-,-,C,C,-,C,-,-,-,C,Y,-,-,-,C,-,-,-,-
"10,5134523,1,A/G",A,R,-,R,-,-,-,-,-,-,A,R,-,R,R,-,-,R,A,-,-,-,-,A,R,-,-,-,R,-,-,-,R,-,-,-,R,R,A,-,R,-,-,-,R,G,R,-,R,R,-,-,G,R,A,R,-,-,-,R
"10,51523792,1,G/A",G,R,-,-,-,-,G,-,-,-,G,-,-,G,G,-,-,-,-,-,-,G,-,G,-,-,-,G,-,G,-,G,G,G,G,G,-,G,G,-,G,-,-,-,-,G,G,G,R,-,G,R,-,R,-,G,R,G,-,R
"10,51523799,1,A/G",A,R,-,-,-,-,-,-,-,-,-,-,R,A,A,-,-,-,-,R,-,-,-,-,-,R,-,-,-,-,-,-,A,A,A,R,-,-,-,-,-,-,-,-,-,A,R,-,R,-,-,-,-,R,-,-,R,A,-,R
"10,74549646,1,A/G",A,-,R,-,-,-,A,-,-,-,-,-,-,G,-,-,R,-,-,-,-,-,-,R,-,-,-,R,-,-,-,-,-,-,-,-,-,-,-,-,-,R,-,R,G,-,A,-,R,-,R,-,A,A,-,G,-,-,-,-
"10,74566670,1,T/C",T,Y,Y,-,-,-,Y,T,-,-,-,Y,-,-,-,-,-,-,-,-,-,-,-,Y,-,-,-,-,T,Y,Y,-,-,-,Y,T,-,Y,-,-,-,-,-,Y,-,-,Y,-,Y,-,-,-,-,-,-,-,-,-,Y,Y
"10,7667802,1,A/C",A,-,A,A,-,-,-,A,-,-,A,-,-,A,-,-,-,M,-,-,-,-,-,A,-,-,-,-,-,A,M,-,-,-,M,A,A,-,-,-,A,A,-,A,M,-,A,-,-,-,A,A,-,-,-,-,-,M,-,-
"10,7668116,1,G/C",G,-,G,G,-,-,-,G,-,-,-,-,G,G,S,-,-,S,-,S,-,-,-,-,-,-,-,-,-,G,-,-,-,-,S,-,G,-,-,-,-,-,-,-,S,-,G,-,G,-,G,G,-,-,S,-,-,-,-,-
"10,7884201,1,C/T",C,Y,-,-,C,Y,T,Y,-,-,-,-,-,-,-,Y,T,Y,T,Y,T,-,-,Y,Y,C,-,Y,-,-,C,C,-,-,C,-,C,-,-,T,C,T,-,Y,-,-,Y,Y,Y,T,Y,Y,-,-,-,-,-,Y,-,Y
"10,88430976,1,G/C",G,-,-,G,-,G,-,-,C,-,-,-,S,-,-,-,-,-,-,S,-,-,G,-,-,C,-,S,-,G,S,C,S,-,S,S,S,C,-,-,-,-,-,S,-,G,S,-,S,-,S,C,-,G,-,-,-,-,C,-
"10,97954251,1,C/G",C,S,C,S,-,C,C,G,-,C,S,G,-,-,-,S,-,-,-,-,-,-,-,-,S,-,-,C,-,-,-,-,S,C,S,S,-,S,-,-,S,-,-,-,-,-,-,-,G,-,-,-,G,-,S,-,S,S,G,-
"10,99615138,1,C/A",C,M,-,-,-,C,-,-,-,-,A,C,M,-,-,M,-,C,A,A,-,M,-,M,-,-,-,-,-,-,-,-,-,-,-,-,-,M,-,M,-,-,-,-,A,-,-,-,M,-,-,-,-,-,-,-,A,-,C,A
"11,118555562,1,T/C",T,Y,-,Y,-,T,-,-,-,-,T,-,Y,T,T,-,-,-,-,-,-,Y,-,-,Y,T,T,-,-,-,Y,T,-,Y,Y,-,-,-,T,-,Y,Y,T,Y,-,-,-,T,Y,Y,-,-,-,-,-,-,-,Y,Y,-
"11,118749305,1,C/T",C,Y,-,Y,-,-,-,-,-,C,C,-,-,-,-,T,-,-,-,-,T,-,-,C,-,T,-,-,-,-,Y,-,T,C,-,-,Y,-,-,-,-,-,-,-,Y,T,Y,-,-,C,-,-,T,T,T,-,-,-,T,C
"11,1732908,1,A/G",A,R,-,G,-,G,A,G,-,-,G,-,-,-,R,-,-,-,-,-,A,-,R,-,A,-,A,-,-,R,-,R,R,R,R,A,R,-,R,G,R,G,-,A,A,-,-,A,R,-,G,A,-,A,-,-,-,-,R,-
"11,1813561,1,A/T",A,W,-,W,-,-,W,-,A,-,W,-,T,W,-,T,-,-,-,T,T,-,-,-,W,T,-,-,-,A,-,-,-,W,-,W,-,-,-,-,W,-,-,W,T,-,W,T,-,W,-,-,-,W,-,-,-,-,-,-
"11,26681571,1,A/C",A,M,-,-,-,-,-,-,-,-,-,-,-,-,-,A,A,A,-,M,-,M,-,-,-,-,-,M,-,-,M,A,M,M,M,-,-,-,-,-,-,-,A,-,-,A,-,-,-,M,M,M,-,-,-,-,M,-,-,-
"11,33732558,1,A/G",A,R,R,R,-,-,-,-,-,-,-,-,-,-,-,-,A,-,-,-,-,-,A,R,-,-,R,-,R,-,R,-,R,G,R,-,-,-,-,-,-,-,-,R,-,-,-,-,R,-,-,A,R,-,-,-,-,-,G,R
"11,46360225,1,G/A",G,R,-,R,-,-,-,-,-,-,-,-,-,-,G,-,-,-,G,A,A,-,-,-,A,G,-,-,G,A,G,A,-,-,-,A,-,-,-,-,-,-,-,-,-,-,-,-,G,G,R,-,-,-,-,-,-,-,G,-
"11,47391353,1,A/G",A,-,R,-,-,R,R,-,-,A,-,-,-,A,-,A,-,-,-,-,-,-,-,-,R,-,-,R,-,-,R,R,-,-,-,-,R,-,-,-,R,-,-,-,-,-,R,-,-,-,R,R,-,-,-,-,G,-,-,-
"11,47416882,1,A/G",A,R,-,-,-,-,-,-,-,-,-,-,-,-,-,A,-,-,-,-,G,-,-,-,G,-,R,-,-,A,G,-,-,A,R,-,-,-,-,-,-,A,-,-,-,-,-,-,R,R,G,-,-,-,-,-,-,-,G,-
"11,55335644,1,C/T",C,-,C,C,C,C,C,C,-,-,-,-,C,-,Y,C,C,Y,C,C,Y,Y,C,C,C,C,C,C,Y,-,-,-,C,C,C,C,C,-,C,C,C,C,C,C,C,-,Y,C,C,C,C,Y,Y,C,-,Y,-,Y,C,C
"11,57076620,1,C/T",C,-,T,Y,T,Y,T,-,-,-,C,-,-,-,-,-,C,Y,C,Y,-,-,-,C,-,T,-,-,-,-,Y,-,-,-,-,Y,-,Y,Y,-,Y,-,-,-,-,-,-,-,Y,-,-,-,-,Y,-,T,-,Y,T,-
"11,57078387,1,G/T",G,K,T,K,T,K,T,G,G,K,G,-,-,T,G,-,G,-,G,-,G,K,G,G,K,K,K,G,K,G,K,K,K,K,K,K,K,-,G,-,K,-,T,K,-,G,K,K,K,K,K,K,-,K,T,K,K,K,-,-
"11,63885070,1,T/C",T,Y,-,Y,-,C,T,-,-,-,-,-,-,-,C,-,-,-,-,-,-,-,-,T,-,-,-,-,-,Y,-,T,-,C,-,-,-,-,-,-,-,-,-,Y,-,-,-,-,-,-,-,-,-,C,-,-,-,-,-,-
"11,64559051,1,C/A",C,-,-,M,-,-,C,-,-,M,-,-,-,-,M,-,-,-,-,-,M,-,-,C,M,C,C,C,-,M,-,C,C,C,C,C,-,M,-,-,M,-,-,C,-,-,-,M,C,C,C,-,-,M,C,-,-,C,M,-
"11,64968555,1,G/A",G,-,-,-,-,-,-,-,-,-,A,G,-,-,-,-,-,-,-,-,-,-,-,-,-,A,-,-,-,-,-,-,-,-,-,R,-,-,-,-,-,-,-,R,-,G,-,-,-,-,-,-,R,G,-,G,-,-,-,-
"11,65064428,1,G/A",G,R,-,G,-,-,-,-,A,A,-,-,G,-,G,G,-,-,-,G,-,A,-,G,-,R,R,-,-,-,R,G,-,-,G,R,R,G,R,-,R,-,-,R,-,-,R,-,R,-,R,-,R,G,-,G,-,-,G,-
"11,66825106,1,T/C",T,Y,-,Y,-,-,T,-,Y,-,Y,-,Y,C,C,C,-,-,-,-,T,-,C,-,-,Y,Y,-,C,Y,-,T,-,C,Y,C,Y,Y,C,T,Y,-,C,Y,C,-,-,-,Y,-,Y,-,-,C,Y,T,-,-,T,C
"11,66923560,1,T/C",T,Y,-,-,-,C,T,-,T,-,-,-,C,C,-,-,-,-,-,Y,C,-,C,T,-,-,-,Y,-,-,Y,Y,Y,Y,-,-,Y,C,C,-,Y,Y,-,Y,-,T,-,-,C,Y,Y,-,C,-,-,-,T,T,-,-
"11,66928312,1,C/T",C,Y,-,-,-,Y,Y,-,C,-,-,-,T,T,-,-,-,-,-,Y,T,-,T,C,-,-,-,-,-,-,Y,-,Y,-,-,T,Y,Y,T,-,Y,Y,-,Y,-,-,-,C,-,Y,C,C,-,-,-,-,-,Y,Y,C
"11,66929816,1,T/C",T,Y,-,Y,-,Y,Y,-,T,-,T,-,Y,C,-,-,-,-,-,Y,C,-,C,T,-,Y,Y,-,-,-,-,-,Y,-,-,C,Y,-,C,C,-,-,-,Y,-,Y,Y,Y,Y,Y,T,T,-,-,C,-,-,T,Y,T
"11,67190334,1,G/A",G,R,-,-,-,-,-,-,-,-,A,-,-,-,-,-,-,-,-,-,-,-,-,-,-,-,-,-,-,-,-,-,-,-,-,-,G,-,-,-,-,-,G,-,-,G,-,-,-,-,R,A,-,-,-,A,A,-,-,-
"11,69795899,1,T/G",T,K,K,-,-,G,-,-,-,-,K,K,-,T,-,-,-,K,T,-,-,-,-,-,G,K,-,K,K,K,K,K,K,-,K,-,K,K,K,-,-,T,-,-,-,-,-,K,K,-,K,-,-,G,G,-,-,K,-,-
"11,71379171,1,A/G",A,R,G,-,G,R,-,A,R,R,R,-,A,A,-,R,-,R,-,R,A,-,-,-,A,G,R,-,-,-,R,R,-,-,R,R,R,R,R,-,G,-,-,-,-,-,-,-,G,-,G,A,-,-,R,-,R,R,-,R
"11,72085532,1,C/T",C,Y,-,Y,T,-,T,-,Y,Y,-,-,-,-,T,T,-,-,-,C,C,-,Y,Y,-,T,C,Y,-,T,-,C,Y,-,Y,-,Y,-,-,-,T,-,-,-,-,C,T,T,-,T,-,-,T,T,C,-,T,-,Y,-
"11,72085625,1,C/A",C,M,-,M,A,C,M,C,-,M,-,-,-,-,A,A,-,-,-,C,-,-,M,M,M,M,-,M,-,A,M,C,M,-,M,C,M,C,M,-,-,-,-,C,-,C,M,A,-,A,M,-,A,A,-,-,A,-,M,-
"11,72214720,1,A/G",A,R,-,R,A,G,-,-,-,-,A,-,A,A,-,-,R,R,-,-,G,-,R,-,R,A,-,-,-,R,-,G,R,-,A,R,R,-,-,-,-,A,-,R,-,-,-,R,R,-,G,G,-,G,-,-,R,-,-,-
"11,789670,1,C/G",C,S,-,G,-,-,G,-,C,-,-,-,-,-,-,-,-,-,-,-,G,-,-,-,-,S,-,-,-,-,-,-,-,-,S,S,-,-,-,-,G,-,G,-,-,-,-,-,G,C,S,-,-,C,-,-,-,-,-,-
"11,791706,1,G/A",G,R,-,R,-,-,A,-,G,-,-,-,-,-,-,-,-,-,-,-,A,-,-,-,-,R,-,-,-,-,-,-,-,-,R,R,-,-,-,-,A,-,-,-,-,-,-,-,-,-,A,-,-,G,-,-,-,-,-,-
"11,791776,1,G/T",G,K,-,-,-,-,T,-,G,-,-,-,-,-,-,-,-,-,-,-,-,-,-,-,-,K,-,-,-,T,-,-,-,-,K,K,-,-,-,-,T,-,-,-,-,-,-,-,-,-,-,-,-,G,-,-,-,-,-,-
"11,791849,1,T/A",T,W,-,W,-,-,A,-,T,-,-,-,-,-,-,-,-,-,-,-,A,-,-,-,-,W,-,W,-,-,-,W,-,-,W,W,W,-,-,-,A,-,W,-,-,-,W,-,A,T,W,-,-,T,-,-,-,-,-,-
"11,812588,1,C/T",C,Y,-,Y,-,-,C,-,T,-,-,-,-,-,-,-,-,-,-,C,C,-,-,-,T,Y,-,T,Y,C,Y,-,-,C,Y,T,C,-,C,-,C,-,-,-,-,-,-,-,-,T,T,Y,Y,T,C,Y,Y,-,Y,Y
"11,82858170,1,C/T",C,Y,-,-,-,-,-,Y,-,-,-,-,T,-,-,-,-,-,-,-,-,-,C,T,-,-,-,Y,-,-,-,-,-,-,Y,T,-,-,-,T,-,T,-,Y,-,-,-,-,-,-,Y,-,-,T,-,-,-,-,-,-
"12,11437647,1,T/C",T,-,T,T,T,T,-,T,T,T,T,T,T,T,T,-,T,T,-,T,T,-,-,-,T,Y,T,-,T,-,T,-,T,T,T,T,T,T,-,T,-,Y,T,-,Y,Y,T,T,T,T,T,T,T,-,T,T,T,T,-,Y
"12,116200108,1,C/A",C,C,-,-,-,-,-,-,C,C,C,-,C,M,-,-,-,C,-,-,C,-,C,M,-,-,-,-,-,-,-,-,-,M,-,C,M,C,-,-,-,M,-,C,-,C,-,-,C,-,-,-,-,C,-,C,-,C,C,-
"12,119479283,1,A/G",A,R,-,-,-,-,-,R,R,-,-,-,A,-,-,-,-,A,-,-,-,-,-,-,A,-,-,-,-,-,-,-,-,-,-,-,-,-,-,-,-,-,-,A,-,-,-,-,R,-,-,-,A,-,R,-,-,-,G,-
"12,119482826,1,A/G",A,R,-,-,-,-,-,R,R,-,R,-,R,-,-,-,R,A,G,-,-,-,-,A,A,R,-,-,R,A,-,G,-,-,R,-,R,-,R,-,-,-,R,R,-,-,-,-,R,-,R,A,A,-,R,-,-,-,R,G
"12,121328732,1,C/A",C,M,-,-,-,-,-,-,-,-,C,M,-,-,-,-,C,M,-,C,-,-,-,C,-,-,-,-,-,-,-,-,-,-,-,-,-,-,-,-,-,C,-,-,-,M,-,-,-,-,C,-,-,M,C,C,-,-,-,-
"12,121405862,1,C/T",C,Y,-,Y,T,-,Y,-,-,-,Y,-,-,-,T,Y,T,Y,-,T,-,-,T,-,Y,-,-,Y,-,-,-,Y,-,-,Y,-,-,-,C,-,Y,-,-,Y,-,Y,-,-,C,Y,Y,-,C,-,Y,-,-,T,C,-
"12,121918132,1,C/T",C,Y,C,C,-,T,-,Y,-,T,-,-,Y,Y,Y,-,-,-,-,Y,-,-,Y,Y,C,Y,-,Y,-,T,Y,Y,-,Y,Y,Y,T,Y,T,T,-,T,-,-,-,T,-,-,-,T,C,Y,C,Y,T,T,-,Y,-,-
"12,123385966,1,A/G",A,R,-,G,-,-,-,-,-,-,-,-,-,-,-,-,-,A,-,-,-,-,A,-,-,R,A,-,-,-,-,A,-,-,R,A,-,-,R,-,-,-,-,-,-,-,-,-,-,-,A,-,-,-,-,-,-,-,-,-
"12,123397020,1,C/A",C,M,-,M,-,-,C,-,-,-,A,-,-,-,-,-,-,-,-,-,-,-,C,-,C,M,-,-,-,-,-,C,-,C,-,-,-,-,A,-,-,-,-,-,-,-,-,-,-,-,C,-,-,M,-,-,-,-,-,-
"12,123404727,1,T/A",T,-,W,-,-,-,T,-,-,A,W,-,-,-,-,-,-,-,-,-,T,-,W,-,T,W,W,A,-,-,W,W,-,T,-,-,-,-,A,-,-,-,-,W,W,T,W,-,-,-,T,-,-,W,A,W,-,-,-,-
"12,123405493,1,C/A",C,-,M,M,-,-,C,-,-,-,M,-,-,-,-,-,-,-,-,-,-,M,-,-,C,M,M,-,-,C,M,M,-,C,-,M,-,-,A,-,M,-,-,M,M,C,C,-,-,-,C,A,-,M,A,A,C,-,-,-
"12,123405820,1,G/A",G,-,-,A,-,-,-,-,-,-,-,-,-,-,-,-,-,-,-,-,-,-,-,-,G,-,-,-,-,-,-,R,-,-,-,-,-,-,A,-,R,-,-,-,G,-,-,-,-,-,G,-,-,-,A,-,-,-,-,-
"12,130037959,1,C/G",C,S,-,-,-,-,G,-,-,-,-,-,-,C,-,-,-,-,-,-,-,-,-,-,S,-,S,S,C,C,S,-,S,-,-,S,-,S,S,-,-,-,G,S,-,-,-,-,C,S,G,-,-,-,C,-,-,-,S,C
"12,131074342,1,G/A",G,R,R,R,-,G,R,-,-,G,-,-,G,-,-,G,A,-,A,-,A,-,-,A,-,-,R,R,-,-,R,-,R,R,R,R,A,A,-,A,R,A,-,-,-,-,R,-,G,-,-,-,-,G,-,-,G,R,-,R
"12,13910044,1,C/G",C,S,C,S,-,S,S,G,S,-,S,S,S,C,S,-,G,-,-,-,S,-,-,S,S,S,-,S,-,-,-,S,-,S,S,-,-,-,S,G,S,-,G,-,C,-,S,S,-,S,S,-,-,C,C,-,S,S,C,-
"12,3633578,1,G/A",G,R,-,R,-,A,R,-,-,-,-,-,-,-,-,A,-,-,A,R,-,-,-,A,-,R,R,R,-,G,R,-,-,-,R,G,-,-,A,-,-,-,-,R,-,A,-,G,G,R,A,-,-,-,G,-,-,-,R,A
"12,3652741,1,T/C",T,-,-,-,-,Y,-,C,-,-,-,-,-,-,-,-,-,-,-,-,-,-,-,Y,T,T,-,Y,-,-,Y,-,-,-,-,-,-,-,-,-,T,-,-,-,-,C,-,Y,Y,Y,-,-,-,-,-,T,-,-,-,C
"12,46460618,1,C/T",C,-,-,-,Y,-,C,-,-,Y,C,C,C,Y,Y,C,-,-,-,-,-,-,-,Y,-,-,C,C,C,C,-,-,-,Y,-,-,-,Y,-,C,-,-,-,Y,Y,-,-,-,Y,-,-,-,-,Y,-,Y,-,Y,-,Y
"12,46646251,1,C/T",C,Y,-,C,-,Y,-,T,Y,-,-,T,-,-,-,-,-,T,-,-,T,-,C,-,-,Y,Y,Y,-,-,Y,C,Y,C,T,Y,-,T,-,-,Y,-,Y,Y,-,Y,T,-,C,T,-,Y,-,C,-,Y,-,Y,Y,Y
"12,46646887,1,A/G",A,R,-,R,R,-,A,-,-,R,R,G,R,-,R,G,-,G,-,-,G,G,A,-,R,-,A,R,R,-,R,A,R,A,G,R,R,G,G,-,R,G,R,R,-,R,G,-,R,G,R,R,-,-,-,R,-,R,R,R
"12,47452266,1,A/T",A,W,W,W,-,T,W,-,T,-,T,W,-,T,-,T,-,T,-,-,-,-,-,A,W,-,A,W,W,-,-,-,W,-,W,T,-,W,T,A,-,W,-,-,-,T,W,-,-,W,-,-,T,T,-,T,W,W,A,-
"12,47620172,1,C/A",C,M,C,-,C,-,-,-,-,C,C,C,M,-,-,-,-,C,-,-,C,C,-,-,M,C,M,C,C,C,C,-,-,C,C,C,C,M,C,C,C,C,C,C,M,-,C,C,C,C,C,-,C,-,-,C,-,C,C,-
"12,50994687,1,A/G",A,R,A,G,-,R,R,G,-,-,-,G,-,-,A,-,R,G,R,G,A,G,G,-,-,G,-,R,-,R,R,R,R,-,R,R,A,-,-,-,-,-,-,-,R,-,-,-,-,-,R,-,-,-,-,-,-,R,-,R
"12,50994832,1,G/A",G,R,G,A,G,-,R,A,-,-,G,A,-,-,-,-,R,R,-,R,G,-,A,R,-,A,R,-,-,R,R,R,R,R,R,R,R,-,R,-,-,R,-,R,R,-,R,-,R,A,R,-,R,A,-,A,-,R,-,R
"12,50995299,1,C/T",C,Y,-,T,-,Y,Y,Y,C,Y,C,Y,-,-,Y,-,Y,-,-,Y,C,T,T,-,-,-,Y,Y,Y,Y,Y,Y,Y,-,Y,Y,Y,Y,Y,-,C,Y,-,Y,Y,-,Y,T,Y,-,Y,-,-,T,T,T,-,Y,-,Y
"12,50995489,1,C/T",C,Y,C,T,C,Y,Y,-,C,-,C,Y,-,-,Y,-,Y,-,-,Y,C,T,T,T,-,Y,Y,Y,-,Y,Y,Y,Y,-,Y,Y,-,C,Y,Y,-,Y,-,Y,Y,-,-,-,Y,-,-,-,Y,T,-,T,-,Y,-,Y
"12,51129848,1,A/G",A,A,A,A,-,-,A,A,-,-,A,A,A,-,-,A,A,-,-,R,-,A,-,-,R,A,A,A,R,A,A,-,A,A,A,-,-,A,A,-,-,R,-,-,A,A,-,-,A,A,A,R,R,-,A,-,A,A,-,-
"12,51152192,1,C/T",C,Y,C,Y,Y,-,-,C,C,-,C,Y,C,Y,C,-,C,Y,-,C,-,-,-,-,Y,C,C,C,Y,C,C,-,-,-,C,-,Y,C,C,-,-,Y,-,-,C,C,C,Y,C,-,-,Y,Y,C,-,Y,Y,-,C,C
"12,51252404,1,T/A",T,T,-,T,-,-,-,T,-,T,-,W,T,-,-,T,-,-,T,-,-,T,-,T,-,T,-,-,T,W,T,-,T,T,T,T,-,-,-,-,A,-,-,T,-,-,W,T,A,-,W,W,T,T,A,-,-,W,T,-
"12,51488647,1,T/C",T,Y,T,Y,Y,-,C,-,C,Y,C,T,Y,-,T,T,Y,-,-,T,Y,-,-,T,-,Y,-,Y,Y,T,Y,C,Y,C,Y,-,-,Y,Y,T,C,T,-,Y,T,C,Y,Y,Y,-,-,C,-,Y,-,-,-,Y,T,T
"12,51719203,1,G/A",G,R,-,-,A,-,-,-,-,-,R,-,A,-,A,-,-,G,-,-,-,-,-,A,-,A,-,R,R,A,R,-,-,G,R,-,-,G,-,-,A,G,-,G,-,-,R,-,-,G,R,G,-,-,-,A,G,-,-,R
"12,51957272,1,G/A",G,-,G,R,G,-,G,-,R,G,R,-,R,R,R,-,R,R,-,A,-,G,-,-,R,R,R,R,R,R,-,R,R,G,G,A,R,-,R,A,-,A,A,R,A,A,R,A,R,A,-,-,-,-,-,-,A,R,-,R
"12,52126037,1,T/C",T,-,T,Y,-,T,-,T,T,T,T,-,-,T,-,-,T,-,-,-,-,-,-,Y,T,T,-,-,T,-,T,-,T,T,T,-,-,T,T,T,-,T,T,T,T,-,-,Y,T,Y,T,T,-,-,-,-,-,T,-,Y
"12,55110459,1,C/T",C,Y,-,-,-,-,-,T,-,-,C,Y,Y,C,-,T,-,-,-,Y,-,Y,-,-,-,-,-,Y,-,-,-,C,-,C,-,-,-,-,Y,-,-,-,-,Y,Y,-,-,-,-,-,-,Y,C,-,-,-,-,-,-,Y
"12,6433097,1,G/A",G,R,G,R,G,R,A,R,-,G,G,-,R,A,A,G,R,-,-,-,-,R,A,R,G,G,-,R,G,R,R,R,R,R,R,R,A,R,G,-,R,R,-,R,-,-,-,G,-,-,R,R,R,G,-,R,A,R,R,G
"12,6852423,1,C/T",C,Y,-,-,-,-,-,-,-,-,-,-,-,-,-,-,-,-,-,-,T,-,-,-,-,-,-,Y,-,-,Y,T,-,C,-,-,Y,C,-,-,-,-,-,Y,-,C,-,-,-,-,-,C,T,-,-,T,-,-,-,-
"12,70652453,1,C/T",C,Y,-,-,Y,-,-,-,-,-,-,Y,-,-,-,-,-,-,-,-,C,-,-,-,-,Y,Y,Y,-,Y,C,C,Y,-,-,-,-,-,Y,Y,C,Y,-,-,-,-,Y,-,Y,-,-,-,-,T,-,-,Y,T,T,Y
"12,7965123,1,C/T",C,Y,-,-,-,C,-,C,Y,Y,C,-,-,Y,-,-,C,-,C,Y,C,-,C,Y,C,C,Y,-,C,C,-,-,Y,-,Y,-,-,-,-,-,Y,-,Y,Y,C,-,-,C,-,C,Y,-,-,C,Y,-,C,C,-,-
"12,88410054,1,C/A",C,M,M,-,-,-,-,A,-,-,-,-,-,-,-,-,-,-,A,-,M,-,-,-,-,M,-,M,M,-,-,-,-,-,-,-,-,A,-,-,-,-,-,-,M,-,C,A,-,A,-,-,-,-,C,-,-,-,-,-
"12,88410073,1,T/C",T,Y,Y,-,-,-,-,C,-,-,-,-,-,-,-,-,-,-,C,-,Y,-,T,-,-,Y,-,Y,Y,-,-,-,-,-,-,-,-,-,Y,-,-,-,-,-,Y,-,-,-,-,C,-,-,-,-,-,-,-,-,-,-
"13,109615172,1,G/C",G,S,G,-,-,C,-,-,-,C,-,-,S,-,S,-,S,-,-,-,S,-,S,C,-,C,S,-,-,-,-,-,-,-,S,S,-,-,G,-,C,-,-,-,G,-,-,-,-,-,-,-,-,-,-,-,-,-,-,-
"13,109930557,1,C/T",C,Y,-,-,-,-,-,-,C,-,-,-,-,-,-,-,-,-,Y,-,-,-,-,-,-,T,-,-,-,-,-,C,Y,-,Y,-,-,-,-,C,-,-,-,C,-,-,-,-,-,-,Y,-,-,T,-,-,-,-,-,-
"13,113338492,1,A/T",A,A,A,-,W,-,-,A,-,W,A,W,-,A,-,-,-,-,-,-,-,-,A,A,A,A,-,A,-,-,-,-,A,-,A,A,-,-,-,W,-,-,-,-,-,-,-,-,-,A,A,A,-,-,-,A,A,A,A,W
"13,113810944,1,T/C",T,Y,-,Y,-,-,-,-,T,-,T,-,-,-,-,-,-,T,-,-,-,-,-,C,Y,C,C,-,-,-,Y,T,Y,-,Y,-,-,-,-,C,-,C,-,T,C,-,-,-,Y,-,Y,-,-,-,-,-,T,-,-,-
"13,18964938,1,C/T",C,Y,C,C,-,C,Y,-,-,Y,C,C,C,C,C,-,-,C,C,C,C,-,Y,C,C,C,Y,-,C,Y,Y,C,C,C,C,Y,C,-,C,Y,-,-,C,C,-,C,-,-,C,Y,C,C,C,C,-,T,Y,C,C,Y
"13,31724186,1,A/G",A,-,G,-,-,-,-,-,-,-,-,R,-,-,-,-,R,-,G,-,-,-,R,R,A,-,-,R,R,R,R,-,-,A,-,-,R,-,R,-,-,-,A,-,-,G,R,-,R,-,G,-,-,A,-,G,A,-,-,-
"13,72534930,1,C/G",C,-,-,S,-,-,-,-,-,-,S,C,C,S,-,-,S,-,-,C,-,-,-,-,S,S,C,-,C,C,-,-,-,C,C,C,-,S,-,S,-,C,C,S,-,-,-,C,-,C,C,-,-,-,-,-,-,-,-,-
"14,100508245,1,G/A",G,-,G,G,-,R,-,-,R,-,A,-,G,G,-,A,-,R,-,R,-,-,-,-,A,-,R,R,-,G,R,-,R,-,-,-,R,R,G,-,-,R,-,-,-,A,R,-,-,-,R,G,R,G,R,-,-,A,-,G
"14,104267410,1,T/C",T,-,-,Y,-,-,C,-,-,-,-,-,-,T,-,-,-,-,-,-,-,-,-,-,Y,Y,T,-,-,-,-,T,Y,-,Y,-,-,-,-,-,Y,-,-,-,-,C,-,-,-,T,Y,-,-,-,-,-,Y,Y,C,-
"14,104530554,1,A/G",A,-,R,G,-,G,G,R,-,R,-,-,-,-,-,-,-,A,-,G,-,-,A,A,R,R,R,R,-,A,-,-,R,G,R,-,-,-,A,-,-,R,A,A,-,G,R,-,-,-,G,-,-,-,A,A,G,-,-,-
"14,19474607,1,G/A",G,R,-,-,G,G,-,-,R,-,R,-,R,R,-,-,R,-,-,-,-,-,R,-,-,-,-,R,-,R,-,R,-,R,R,-,G,-,R,-,R,R,-,R,-,R,R,-,-,G,R,G,-,-,-,G,-,-,-,-
"14,20121692,1,G/C",G,S,-,-,-,-,-,S,G,-,-,C,S,-,-,-,-,-,-,-,-,-,-,-,-,-,-,-,S,-,-,-,S,-,-,-,-,-,S,-,-,-,-,-,-,G,G,G,S,-,-,-,-,-,G,-,-,-,-,-
"14,20625735,1,T/G",T,-,-,-,-,-,-,-,-,-,-,-,-,-,-,T,-,-,-,-,-,-,-,G,-,-,-,-,-,-,-,-,-,-,-,-,-,-,-,-,-,-,-,-,-,-,-,-,T,-,K,K,G,-,-,G,-,-,-,-
"14,22461373,1,C/A",C,-,-,C,-,-,-,-,-,-,C,M,C,-,-,C,C,-,C,C,-,-,-,M,-,C,-,-,C,-,C,-,-,-,C,C,M,-,-,C,-,C,-,-,-,C,M,C,-,C,-,M,-,C,-,-,C,C,M,C
"14,22463847,1,T/C",T,Y,C,T,C,-,-,-,Y,-,Y,C,Y,-,-,T,Y,C,T,T,Y,C,-,C,-,-,-,Y,T,-,-,T,Y,-,Y,T,Y,Y,Y,T,-,-,-,C,-,-,-,-,-,Y,Y,Y,-,Y,C,-,-,Y,C,Y
"14,22466351,1,A/G",A,R,-,-,-,-,-,-,-,-,-,G,-,-,-,-,-,-,-,-,-,-,-,G,-,-,-,-,-,-,-,-,R,R,-,-,-,-,-,-,-,A,-,-,-,A,-,-,-,-,-,-,-,-,-,-,-,-,-,-
"14,31631091,1,G/A",G,R,-,G,-,-,-,-,R,G,R,R,-,-,-,-,-,G,-,R,-,-,G,-,G,G,-,R,-,G,-,-,G,-,G,-,-,G,-,G,R,G,G,G,-,G,G,G,R,R,-,G,G,-,A,-,G,R,G,R
"14,33464900,1,A/G",A,-,-,-,R,-,A,-,R,-,A,A,-,A,-,-,A,-,-,A,A,-,-,R,-,A,-,A,-,A,-,-,A,A,R,-,-,-,-,A,-,-,-,A,A,-,-,A,-,A,-,-,A,A,-,A,-,R,-,-
"14,34655420,1,C/A",C,M,-,M,-,-,M,C,-,-,M,M,M,-,-,-,-,M,C,A,C,-,-,M,-,M,-,M,-,C,-,-,-,-,M,M,-,-,-,-,-,-,-,M,C,-,-,-,M,-,C,-,-,-,-,-,-,-,M,-
"14,38889065,1,A/G",A,A,A,A,A,R,-,-,A,A,-,A,A,-,A,-,A,A,R,A,A,A,A,R,A,A,A,A,A,A,A,A,A,A,A,A,A,A,-,-,A,A,-,A,A,-,A,A,-,-,R,A,-,A,A,G,A,A,R,A
"14,64311797,1,C/T",C,Y,-,-,-,-,-,-,C,T,-,-,C,-,C,Y,-,-,-,-,Y,-,Y,-,Y,Y,-,Y,-,Y,Y,T,Y,-,Y,T,C,Y,-,-,T,-,-,Y,-,T,Y,-,C,C,Y,-,-,-,T,-,-,Y,-,-
"14,66901212,1,T/C",T,Y,Y,C,C,-,-,-,-,-,Y,-,Y,C,-,T,-,-,-,C,-,-,Y,C,Y,Y,-,-,T,Y,Y,T,Y,-,T,Y,Y,-,-,-,-,Y,-,-,T,-,Y,C,-,-,-,Y,C,T,C,-,-,T,C,Y
"14,70269205,1,G/A",G,R,R,R,G,-,G,R,A,-,A,R,R,G,A,-,A,G,R,-,A,G,A,R,R,R,R,R,R,R,R,-,R,A,R,R,-,-,G,-,R,A,-,G,-,-,R,-,R,G,R,G,-,G,-,G,G,R,-,R
"14,70285279,1,G/T",G,K,K,G,-,-,-,-,G,-,G,-,G,G,G,G,G,K,-,-,G,-,G,G,K,G,G,G,-,G,G,G,G,G,-,-,-,G,G,G,G,G,-,-,-,G,G,G,K,-,G,-,-,G,-,-,K,G,-,G
"14,72789087,1,A/G",A,R,G,R,-,A,-,R,-,-,-,G,-,R,-,-,-,-,-,R,R,-,R,-,R,R,R,-,-,R,-,-,-,R,-,R,-,R,-,-,-,-,-,-,-,R,-,-,-,R,R,R,A,-,-,R,-,-,A,G
"14,74429194,1,T/C",T,Y,-,-,-,-,-,T,-,-,C,-,T,T,-,-,-,T,Y,-,-,-,T,T,-,-,-,-,-,-,Y,-,-,-,Y,C,-,-,-,T,C,T,-,Y,-,-,-,Y,Y,T,-,-,C,-,-,Y,Y,-,-,C
"14,87501651,1,C/T",C,Y,-,Y,-,-,-,Y,T,T,T,-,Y,-,C,-,T,T,-,-,-,-,Y,T,T,-,-,-,-,Y,C,-,-,-,Y,C,-,-,-,T,-,T,-,C,Y,-,Y,-,-,T,-,T,-,-,C,-,Y,-,Y,T
"14,91632030,1,T/C",T,Y,-,-,-,-,C,-,-,-,-,-,Y,-,-,-,-,-,-,-,-,-,-,Y,-,-,-,-,-,-,-,Y,-,-,-,-,-,-,-,-,C,-,-,Y,T,-,Y,T,-,-,Y,-,-,-,Y,Y,Y,-,-,-
"14,91632578,1,A/G",A,R,-,-,-,-,-,-,-,-,-,-,R,-,-,-,-,-,-,-,-,-,R,R,-,-,-,-,-,-,R,-,-,-,-,-,-,-,-,-,-,-,-,R,A,-,-,-,R,-,R,-,R,-,R,-,-,-,-,-
"14,94986157,1,A/G",A,G,-,R,-,-,R,R,-,-,-,-,-,-,-,-,-,-,-,-,-,-,-,-,-,G,-,-,-,-,-,-,R,G,-,-,-,R,R,-,-,-,-,-,-,-,-,-,G,-,-,-,A,-,-,-,-,-,R,-
"14,99829030,1,C/T",C,Y,-,-,-,-,-,-,-,-,-,-,-,T,-,-,-,-,-,-,-,-,-,-,-,-,-,-,-,-,-,-,-,Y,-,-,Y,-,-,-,-,-,-,-,-,-,-,-,-,-,-,Y,-,-,-,-,-,-,-,-
"14,99829491,1,C/A",C,M,M,-,M,A,-,-,-,-,-,-,-,-,M,A,-,-,A,-,M,-,-,-,A,A,-,M,-,-,-,-,-,M,-,-,A,-,-,-,-,-,-,M,-,-,M,-,-,-,-,M,C,A,-,-,-,-,-,-
"15,100318312,1,G/A",G,R,-,R,-,-,-,G,G,-,-,-,-,-,-,-,R,G,-,-,G,-,-,G,G,G,-,-,-,-,G,G,R,-,G,-,-,-,-,-,-,-,-,G,G,R,-,-,G,G,-,-,-,R,-,-,-,-,R,-
"15,100318326,1,C/A",C,-,-,C,-,-,-,C,C,-,M,-,-,-,-,-,-,C,-,C,C,-,-,C,C,C,M,-,-,-,C,C,M,-,C,-,-,-,-,-,M,M,-,C,C,M,-,-,C,C,-,-,-,-,-,-,-,-,C,C
"15,18902525,1,C/T",C,Y,-,C,C,C,C,Y,-,Y,C,C,C,C,Y,C,C,C,C,-,C,-,C,C,C,C,C,-,C,C,Y,Y,Y,C,Y,-,C,C,C,C,C,C,-,-,C,C,C,Y,-,-,Y,Y,C,C,-,C,C,Y,C,C
"15,19315742,1,T/C",T,Y,T,-,-,T,-,-,T,-,Y,T,T,T,-,-,T,T,T,T,T,-,T,T,T,-,T,T,Y,Y,-,T,T,T,-,T,-,T,T,T,T,-,T,T,-,T,T,T,T,T,-,-,T,T,-,Y,-,-,T,T
"15,19336435,1,G/C",G,S,-,-,-,-,-,-,G,-,G,-,-,-,-,S,-,G,G,-,-,-,G,-,G,S,-,G,-,S,-,-,S,-,-,-,G,G,-,-,-,G,-,-,G,G,-,-,-,S,G,G,-,-,-,-,G,-,-,G
"15,32330022,1,T/C",T,Y,Y,-,T,-,T,-,T,-,T,-,-,-,-,Y,-,Y,-,-,-,-,T,-,-,T,Y,Y,-,-,Y,Y,-,Y,-,-,-,-,Y,-,-,Y,-,T,T,-,Y,-,-,-,C,-,Y,-,-,Y,-,Y,C,Y
"15,38847471,1,C/G",C,S,S,S,-,S,C,-,-,-,-,-,-,-,G,S,S,-,-,-,-,-,S,G,-,G,S,S,-,-,S,C,S,-,S,-,S,S,S,-,S,G,-,S,C,S,C,-,S,S,-,S,-,C,C,-,-,S,-,G
"15,38935377,1,C/T",C,Y,-,Y,-,Y,C,Y,Y,C,Y,-,-,T,-,T,-,Y,-,-,-,C,-,Y,-,-,-,-,-,-,Y,C,Y,Y,Y,-,Y,Y,Y,-,Y,-,-,Y,-,T,Y,-,Y,Y,-,-,-,C,-,C,Y,C,T,-
"15,38935455,1,C/T",C,Y,-,Y,-,Y,C,Y,-,C,Y,-,-,T,C,T,-,Y,-,-,Y,C,-,Y,-,-,Y,Y,-,Y,Y,C,Y,Y,Y,-,Y,Y,Y,-,Y,-,-,Y,-,T,Y,T,Y,Y,Y,-,-,C,-,C,Y,C,T,Y
"15,57240676,1,T/C",T,Y,-,C,-,-,-,-,-,-,T,Y,T,-,Y,C,T,Y,-,Y,-,-,T,T,T,T,-,T,-,Y,-,Y,Y,-,-,Y,T,Y,C,Y,Y,-,T,-,T,-,Y,-,T,-,-,T,C,T,-,T,Y,Y,Y,-
"15,70343901,1,A/T",A,W,W,W,W,T,W,W,W,W,T,W,T,-,A,W,-,A,W,W,-,A,-,W,A,A,W,W,W,W,W,W,W,-,W,A,-,W,W,-,W,-,A,W,-,-,W,-,W,W,-,-,W,-,-,-,W,-,-,-
"15,72323340,1,A/C",A,-,-,-,-,M,-,-,-,A,-,-,-,-,-,M,-,-,-,A,A,A,-,-,-,-,A,A,-,A,M,-,A,-,M,-,M,-,M,-,-,-,-,-,-,-,M,-,-,-,-,-,-,-,-,-,-,A,-,-
"15,72828970,1,A/C",A,-,C,-,-,-,-,-,-,-,-,-,-,A,C,A,-,-,-,-,-,-,A,-,-,-,-,-,-,-,-,-,-,-,-,-,-,M,M,-,-,-,-,-,-,-,-,-,-,-,-,-,-,M,-,-,-,-,M,M
"15,73603704,1,C/A",C,M,-,M,-,-,M,A,-,-,M,-,A,-,A,-,-,-,-,-,-,-,A,-,M,-,-,-,-,C,-,-,-,-,M,-,-,-,-,A,-,-,-,M,-,-,M,-,M,-,-,M,-,M,C,-,-,-,-,-
"15,74235831,1,C/T",C,Y,C,Y,-,C,Y,-,-,-,C,-,-,-,C,T,C,T,-,-,-,-,T,-,C,Y,-,Y,-,-,Y,Y,Y,-,-,-,Y,-,Y,-,-,-,-,Y,-,-,Y,-,-,-,-,-,T,-,T,-,-,-,-,-
"15,76846023,1,C/T",C,Y,-,-,-,-,-,-,-,-,-,-,-,-,-,-,-,-,C,-,-,-,-,-,-,T,-,-,-,-,-,-,-,-,-,-,Y,-,-,-,-,T,-,-,-,-,-,-,-,-,-,-,-,-,-,-,-,-,-,Y
"15,88969980,1,C/T",C,Y,-,Y,-,-,-,-,-,-,Y,T,T,-,Y,Y,-,-,T,C,-,-,Y,-,-,-,-,-,-,Y,-,-,C,-,Y,T,Y,C,-,C,-,-,-,Y,-,-,Y,-,Y,Y,-,-,C,-,T,T,-,-,-,-
"15,89113317,1,G/A",G,-,R,R,R,-,-,-,-,-,R,-,R,A,-,-,R,-,A,-,-,-,-,R,-,-,-,-,-,-,R,-,R,-,-,R,-,-,-,-,R,-,-,R,-,-,-,A,R,R,R,A,G,R,-,A,-,-,R,R
"16,1334431,1,T/C",T,Y,-,Y,-,Y,-,T,C,-,C,-,-,-,-,-,-,-,-,C,-,-,-,-,-,Y,Y,Y,-,-,-,-,-,-,Y,Y,-,-,-,-,-,-,-,Y,-,C,C,-,-,-,Y,-,-,-,-,-,-,-,-,-
"16,1438198,1,G/A",G,R,-,-,-,-,-,-,G,-,-,-,-,-,-,-,-,-,-,-,G,-,-,-,G,R,-,-,-,A,-,-,-,-,R,-,-,-,-,-,-,-,-,R,-,-,-,-,-,R,R,-,-,-,-,-,-,-,-,-
"16,16113002,1,T/C",T,Y,Y,-,Y,C,-,C,Y,T,Y,T,-,C,-,-,-,-,-,C,T,-,-,Y,Y,Y,-,Y,-,C,-,Y,Y,Y,Y,Y,-,-,-,C,-,C,-,-,-,C,Y,Y,Y,-,C,Y,-,-,-,-,Y,Y,C,-
"16,16275314,1,T/C",T,-,T,Y,T,T,Y,T,T,T,T,-,T,-,T,-,T,-,Y,T,-,-,-,Y,-,-,-,T,T,T,T,-,T,-,-,T,T,T,T,T,T,-,-,T,-,-,T,-,-,Y,Y,T,T,-,-,T,-,T,-,T
"16,1778536,1,G/A",G,R,-,-,-,-,-,-,A,-,-,-,-,-,-,-,-,-,-,-,-,-,-,-,-,G,R,R,-,G,-,-,-,-,-,-,R,-,R,-,-,-,-,-,-,-,-,-,-,R,G,-,-,-,-,-,G,-,-,-
"16,1781034,1,G/A",G,-,-,R,-,-,A,-,A,-,A,-,A,A,-,-,-,-,-,-,-,-,-,-,-,G,R,-,-,G,G,-,-,-,-,-,R,-,R,-,R,-,A,R,-,-,-,-,-,R,G,-,-,-,-,G,G,-,-,-
"16,1930995,1,T/C",T,Y,-,C,-,Y,-,-,C,-,C,-,-,-,T,Y,-,-,-,-,T,-,-,-,-,Y,T,Y,-,-,C,Y,Y,-,Y,Y,Y,Y,T,-,Y,T,-,-,Y,-,Y,-,Y,Y,T,C,-,-,T,-,-,T,C,-
"16,1954284,1,A/G",A,R,-,R,-,R,-,-,-,-,-,-,A,-,-,G,A,-,-,A,A,-,-,R,G,R,R,R,-,-,-,R,-,-,R,-,R,-,R,-,R,G,G,-,-,-,R,-,R,R,-,A,A,-,-,G,-,-,-,A
"16,1974662,1,C/T",C,Y,-,-,-,-,-,-,-,-,-,-,-,C,-,-,-,-,-,-,Y,-,-,-,C,-,-,-,-,-,-,Y,-,-,-,Y,-,-,T,-,-,-,-,Y,-,-,Y,-,T,-,-,-,-,-,-,-,-,-,-,-
"16,2199767,1,G/A",G,R,-,-,-,R,-,-,-,A,-,A,-,R,-,G,-,-,-,A,-,-,-,G,A,-,-,R,-,R,R,A,-,-,R,G,-,A,R,-,R,-,A,R,A,-,-,R,R,R,-,-,-,A,-,G,-,A,R,-
"16,2199866,1,C/G",C,S,-,-,-,-,-,-,-,G,-,-,-,S,-,C,-,-,-,G,-,-,-,C,G,S,-,S,C,S,S,G,-,-,S,-,-,G,S,-,S,-,-,C,-,-,-,S,S,-,-,-,-,G,-,C,-,G,-,-
"16,2230225,1,T/A",T,W,T,W,T,-,-,-,-,W,-,-,W,A,-,W,-,A,-,-,T,-,-,A,A,W,-,W,T,-,-,A,W,-,W,T,A,A,-,-,T,-,A,W,-,-,W,W,-,-,W,T,-,-,-,T,-,-,-,-
"16,23307555,1,C/T",C,Y,-,-,-,-,-,-,-,-,-,-,-,-,-,-,-,-,-,-,T,-,-,Y,-,-,-,-,-,T,Y,Y,-,-,Y,Y,-,-,-,-,-,-,-,-,-,-,-,-,Y,-,-,-,-,C,-,-,T,-,-,-
"16,3059305,1,A/G",A,A,-,A,-,A,-,-,-,R,-,A,-,R,A,A,-,-,-,A,-,A,A,R,A,A,-,A,A,A,A,A,A,-,-,A,A,A,A,-,A,-,A,A,-,-,A,R,-,R,A,A,A,A,-,-,A,A,A,R
"16,31061647,1,A/G",A,R,-,-,-,G,-,-,R,R,R,-,-,-,-,-,-,-,-,G,-,-,-,-,A,R,-,-,-,-,-,-,R,G,-,-,-,-,-,-,-,-,-,G,-,R,R,-,A,R,-,A,-,-,-,-,-,-,-,G
"16,31061859,1,G/A",G,-,-,-,-,-,-,-,R,R,R,-,-,-,-,-,-,-,-,A,-,-,-,-,G,R,-,-,-,-,-,-,-,A,-,-,-,G,-,-,-,-,-,-,-,-,-,-,G,-,-,-,-,-,-,-,-,R,-,-
"16,31062148,1,G/A",G,R,G,-,-,A,G,-,-,R,R,G,-,G,R,-,-,-,-,A,-,-,-,-,G,R,R,R,-,G,-,-,R,A,R,-,G,R,G,R,G,R,-,-,-,R,G,A,G,R,-,G,-,-,-,R,R,R,R,A
"16,3956677,1,A/G",A,R,-,R,-,-,-,-,G,-,R,-,R,-,-,-,-,-,-,A,-,R,G,A,R,R,-,R,-,R,G,A,R,-,R,R,A,-,R,-,-,-,-,R,-,-,-,-,A,G,-,-,-,-,A,A,-,-,-,-
"16,47990363,1,A/G",A,R,-,-,-,-,-,-,-,-,A,G,-,-,-,-,-,A,-,-,R,-,-,-,-,-,-,-,-,-,-,G,-,-,-,-,-,-,-,-,-,-,R,-,-,A,-,-,R,G,-,-,-,-,-,G,-,-,-,-
"16,5015772,1,A/G",A,R,-,-,-,-,-,G,-,A,-,-,-,-,A,G,-,-,-,-,-,-,R,G,-,G,-,R,R,G,-,-,-,-,G,-,G,-,G,-,G,-,-,-,G,-,G,-,-,-,A,-,-,-,-,-,-,-,-,-
"16,5072637,1,T/C",T,Y,Y,-,T,T,Y,T,-,Y,T,-,T,-,T,-,Y,-,-,-,Y,T,-,T,T,Y,T,T,T,T,T,T,-,T,T,-,T,Y,T,Y,-,T,T,T,Y,Y,-,T,T,-,Y,T,Y,Y,Y,Y,-,Y,-,Y
"16,53920739,1,A/G",A,R,-,A,A,A,R,-,-,R,-,-,-,R,-,-,-,-,-,-,G,-,-,-,-,-,-,-,-,A,-,G,-,-,-,-,R,-,-,-,-,-,-,-,-,G,-,-,-,-,-,-,R,-,-,-,G,-,A,-
"16,54076651,1,G/T",G,G,G,-,G,-,-,-,K,-,K,-,-,G,-,-,G,-,-,G,-,G,-,-,G,K,G,G,-,G,-,-,G,G,G,-,G,G,G,K,-,-,G,G,-,-,G,G,-,-,K,-,-,-,G,G,-,G,G,G
"16,55673788,1,G/A",G,-,A,A,R,G,G,-,G,G,-,-,-,-,R,-,-,G,-,A,R,-,-,R,R,R,-,R,R,A,R,-,A,G,R,G,R,R,G,-,R,G,-,R,-,-,R,-,R,-,R,R,G,-,R,-,R,-,-,R
"16,55674015,1,A/T",A,W,-,T,-,A,-,-,A,A,-,-,-,-,W,-,-,A,-,T,-,-,-,W,W,W,-,-,-,T,W,-,-,-,W,A,-,W,-,-,W,A,T,W,-,-,-,-,-,-,W,W,A,-,-,-,W,-,-,W
"16,56249017,1,C/G",C,S,G,-,-,S,-,C,-,-,-,-,S,-,-,-,-,-,-,-,G,C,-,-,-,-,C,S,-,S,S,-,S,-,S,-,G,G,-,-,-,-,-,-,-,-,-,-,S,-,-,-,G,-,-,-,-,-,-,-
"16,57300688,1,C/A",C,-,-,-,-,-,-,-,M,-,M,-,M,-,-,-,-,M,-,-,-,-,-,M,M,-,-,-,-,-,-,-,-,-,-,-,-,-,-,M,-,M,-,-,-,-,-,-,-,-,M,-,-,M,-,-,-,-,-,-
"16,640971,1,C/T",C,Y,-,Y,-,C,T,-,-,-,-,-,-,C,-,-,-,-,-,C,-,-,-,C,Y,C,Y,Y,-,T,-,C,-,-,-,Y,Y,Y,Y,T,-,T,-,Y,-,-,Y,-,-,-,Y,C,-,-,-,Y,-,T,-,-
"16,66822740,1,G/A",G,R,G,R,G,R,-,A,R,-,R,R,-,-,-,R,R,-,-,A,G,G,G,A,-,G,G,R,R,A,R,R,R,-,R,A,-,R,R,-,-,-,G,A,A,-,R,-,A,-,R,R,-,R,-,-,R,-,R,-
"16,69123772,1,G/A",G,-,G,-,R,-,G,R,-,G,G,G,G,G,-,G,-,G,G,-,-,-,-,-,R,R,-,-,G,-,-,G,R,-,G,-,R,G,-,-,G,G,-,G,-,R,G,R,-,-,G,-,-,R,R,-,G,-,G,-
"16,69421094,1,G/A",G,R,-,-,-,R,G,R,-,R,R,G,-,-,-,G,-,-,A,-,R,-,G,-,A,-,-,-,G,G,R,-,R,G,-,-,-,R,R,-,R,-,-,G,-,-,-,-,-,-,-,R,R,-,-,-,R,-,G,-
"16,69424483,1,A/C",A,A,-,A,-,M,A,M,-,-,A,-,A,-,A,-,A,-,M,A,-,-,A,A,M,A,-,A,A,A,A,-,-,A,A,-,-,A,-,A,A,-,A,A,-,-,-,-,-,A,-,A,-,M,-,-,M,-,A,-
"16,69721194,1,A/G",A,R,-,R,-,A,A,R,A,R,A,R,R,-,R,R,-,A,A,R,A,-,R,R,R,R,-,R,-,R,R,-,R,A,R,-,R,R,-,A,-,A,A,-,-,A,R,R,A,-,R,-,A,-,A,-,-,-,R,-
"16,72981439,1,C/T",C,C,C,C,C,C,C,C,C,Y,Y,C,C,Y,C,Y,C,C,-,C,C,C,C,C,C,C,C,-,C,C,C,C,C,C,-,C,C,C,C,C,C,Y,C,C,C,C,C,C,C,C,C,C,C,C,C,C,C,C,C,Y
"16,83013913,1,A/C",A,M,M,-,-,-,-,M,-,-,M,-,-,-,-,-,-,M,-,A,-,-,M,-,M,-,M,-,-,M,-,M,-,-,M,-,-,M,-,-,M,-,-,-,M,-,C,-,C,M,M,C,-,M,C,C,-,-,-,M
"16,87400012,1,C/T",C,Y,-,C,-,-,-,-,-,-,-,-,-,-,Y,-,C,-,-,-,-,-,-,-,-,T,Y,Y,Y,Y,-,C,Y,-,-,T,-,-,-,-,-,-,C,-,-,-,C,C,C,-,T,-,-,-,-,-,-,-,-,-
"16,87696412,1,C/T",C,Y,-,Y,-,-,-,-,C,-,Y,-,-,T,-,T,C,-,-,C,C,-,T,-,-,C,Y,Y,T,Y,-,-,-,-,Y,-,Y,Y,Y,-,Y,-,-,-,-,-,Y,-,T,-,T,-,-,-,Y,-,T,-,Y,-
"16,87696436,1,C/G",C,S,S,S,-,S,-,-,-,-,S,-,-,G,-,S,-,-,-,C,C,S,G,-,-,C,S,S,-,S,S,S,S,-,-,-,S,S,S,-,S,-,-,-,-,-,S,G,G,S,-,-,-,-,S,-,G,S,-,-
"16,87777646,1,A/G",A,R,-,R,-,-,-,-,-,A,-,-,-,-,-,-,-,-,-,-,-,-,-,-,-,R,-,-,-,-,-,-,-,-,-,-,-,-,-,-,-,-,-,-,G,-,-,-,-,-,-,-,-,G,-,-,-,-,-,-
"16,88343815,1,A/G",A,R,R,R,-,-,-,-,A,-,A,A,-,-,R,R,R,G,G,A,-,-,-,-,-,-,R,R,R,-,R,-,R,-,-,-,R,R,G,-,-,G,G,R,-,A,R,R,-,R,A,-,-,-,-,A,-,-,A,-
"16,88602913,1,C/T",C,Y,-,-,-,Y,-,C,-,T,C,-,-,-,-,Y,-,C,-,-,-,-,-,-,-,-,-,-,-,-,-,-,Y,-,-,-,C,-,-,-,-,-,-,Y,-,-,-,-,-,-,-,-,-,Y,C,-,-,-,-,-
"16,8907586,1,A/C",A,M,-,-,A,-,-,-,-,-,-,-,-,A,-,-,-,-,-,-,-,-,-,-,-,A,-,-,M,-,-,-,-,-,-,-,-,-,-,C,-,-,-,-,-,M,-,-,-,-,-,-,-,-,-,-,-,-,M,-
"17,11735680,1,C/T",C,-,C,-,-,Y,Y,-,C,-,Y,-,-,C,C,-,Y,-,-,C,C,-,-,-,C,Y,-,-,C,Y,-,C,Y,-,C,-,C,-,-,-,-,-,-,C,-,-,-,C,-,-,C,Y,C,-,-,-,-,-,T,Y
"17,12838018,1,A/C",A,M,-,-,-,-,A,-,-,-,M,-,-,-,-,-,-,-,M,C,A,-,-,-,-,-,-,M,-,-,C,-,M,M,-,M,M,M,-,-,M,-,-,-,-,-,M,M,-,M,-,-,-,-,-,-,-,M,-,-
"17,12839719,1,C/G",C,S,-,-,-,-,C,-,-,-,-,C,-,-,-,-,-,-,S,G,C,-,-,-,G,S,-,-,-,-,-,-,S,S,-,S,S,S,-,-,S,-,-,-,-,S,-,S,-,-,-,-,-,-,-,-,-,S,-,G
"17,18331602,1,T/C",T,-,Y,T,-,T,Y,-,-,T,T,Y,T,T,Y,-,Y,Y,Y,T,T,T,Y,T,T,Y,-,T,-,Y,Y,Y,Y,-,Y,T,T,-,T,Y,-,-,-,Y,-,T,T,Y,Y,Y,Y,T,T,-,-,-,-,-,T,T
"17,18333088,1,C/A",C,-,-,C,-,C,-,-,-,C,C,M,-,C,C,-,-,C,M,C,C,-,-,C,C,-,-,C,-,M,-,-,C,C,C,C,C,C,C,C,M,C,-,M,-,C,C,C,C,M,M,C,C,C,C,C,C,C,C,C
"17,1892496,1,A/G",A,R,-,R,-,-,-,-,-,-,-,-,-,-,-,-,-,-,-,G,-,-,-,-,-,R,-,-,-,-,-,-,-,-,-,-,-,-,-,-,-,-,-,R,A,-,R,-,G,-,-,-,-,-,-,-,-,-,-,-
"17,18956303,1,T/A",T,W,-,T,-,W,T,-,-,-,-,-,-,T,T,T,-,W,-,-,T,-,-,T,W,W,-,T,T,T,T,T,T,T,W,W,W,-,W,-,-,-,-,-,-,-,T,-,-,T,T,W,-,-,T,-,-,W,W,-
"17,20304269,1,G/C",G,-,S,G,G,G,S,G,G,G,G,S,G,G,-,-,S,G,G,-,G,G,S,S,G,-,S,G,S,G,S,-,S,G,S,G,G,S,G,C,S,-,G,S,G,-,S,S,G,S,S,G,G,G,G,S,G,G,S,G
"17,23710345,1,T/C",T,Y,-,Y,-,-,-,-,-,C,C,-,-,-,-,C,-,-,-,-,-,-,-,-,T,-,-,Y,-,-,-,-,Y,-,-,Y,Y,-,-,-,-,-,-,Y,-,-,-,-,Y,-,Y,-,-,Y,C,-,-,-,-,-
"17,23885279,1,T/C",T,-,T,-,-,C,-,-,-,-,-,-,-,-,T,-,T,-,-,Y,-,-,-,-,-,Y,-,-,-,-,-,-,-,-,-,Y,-,-,C,-,-,-,-,-,-,C,Y,-,T,-,-,-,-,-,-,-,C,-,-,-
"17,30484273,1,T/C",T,Y,Y,-,-,Y,-,-,-,T,Y,T,-,Y,-,C,-,-,-,-,T,T,T,-,Y,-,Y,-,-,T,T,Y,-,-,C,C,Y,Y,-,-,Y,C,-,Y,-,-,T,-,C,T,-,-,T,-,-,-,T,-,C,Y
"17,30484288,1,T/C",T,Y,Y,-,-,-,-,-,Y,T,Y,T,-,Y,-,C,-,-,-,-,T,T,T,Y,Y,T,Y,Y,-,T,T,Y,Y,-,C,C,Y,Y,Y,-,Y,C,-,Y,-,C,T,T,-,T,Y,-,T,Y,-,-,T,-,C,Y
"17,30544505,1,G/C",G,-,G,G,G,G,G,-,-,S,-,G,-,-,G,-,-,-,S,G,G,G,G,G,G,G,-,G,G,-,S,G,G,G,G,S,G,-,-,-,S,-,-,G,G,S,G,S,-,-,G,G,S,G,G,G,-,G,G,G
"17,35285240,1,C/T",C,Y,Y,-,-,-,-,-,C,-,Y,Y,T,-,-,-,-,-,-,-,-,-,Y,C,Y,-,-,Y,-,T,-,-,-,C,-,C,Y,Y,Y,T,Y,Y,-,C,-,C,-,-,C,-,T,T,-,C,T,-,-,C,-,Y
"17,35429782,1,T/A",T,-,A,A,-,W,-,-,-,-,-,A,T,T,-,W,-,-,T,A,-,-,A,-,T,-,W,W,-,A,-,W,W,-,-,W,A,W,W,-,-,-,-,T,-,A,T,-,A,W,-,T,-,A,T,-,A,-,-,-
"17,35432801,1,T/G",T,K,-,G,-,-,-,-,K,-,T,G,T,T,-,K,-,-,T,G,-,K,G,-,T,T,K,K,-,G,K,K,-,-,K,K,G,K,K,T,-,-,G,K,-,G,-,-,G,-,-,-,-,G,K,G,G,T,-,-
"17,36451003,1,G/C",G,-,G,S,G,-,-,-,G,-,S,-,G,G,-,S,-,-,-,G,-,G,S,S,G,S,-,G,S,S,S,-,S,G,S,-,S,-,S,-,G,-,-,S,-,-,G,-,G,S,G,-,S,S,-,G,G,S,-,S
"17,36659973,1,G/A",G,-,-,G,-,G,G,R,G,-,G,-,G,G,-,G,G,-,-,G,G,G,G,G,G,G,R,R,G,-,R,R,G,R,G,-,G,G,G,G,G,G,-,G,-,-,R,G,R,R,R,G,R,-,G,G,R,G,G,G
"17,36659987,1,C/A",C,-,-,C,-,C,C,M,C,-,C,-,C,C,-,C,C,-,-,C,C,C,C,C,C,C,-,-,C,-,M,M,C,M,C,-,C,C,C,C,C,C,C,C,-,-,M,C,-,M,-,C,-,-,C,C,M,C,C,C
"17,36660000,1,C/A",C,M,-,C,-,C,C,M,C,-,C,-,C,C,-,C,C,-,-,C,C,C,C,C,C,C,-,-,C,C,M,M,C,-,C,-,C,C,C,C,C,C,C,C,-,-,M,C,-,M,-,C,-,-,C,C,-,C,C,C
"17,36660018,1,T/C",T,Y,-,T,-,T,T,Y,T,-,T,-,T,T,-,T,T,-,-,T,T,T,T,T,T,T,-,-,T,T,Y,-,T,-,T,T,T,-,T,T,T,T,T,T,-,T,Y,T,-,Y,-,T,-,-,T,T,-,T,T,T
"17,37514810,1,G/A",G,R,R,R,R,-,R,G,-,R,A,-,-,R,G,-,R,-,A,A,G,R,R,R,A,R,R,R,-,-,R,-,R,A,R,G,G,R,A,A,R,-,-,G,G,-,R,-,R,R,G,A,G,-,A,R,R,A,R,G
"17,42793889,1,G/T",G,-,G,G,G,-,K,-,-,-,-,-,-,G,-,G,-,-,K,-,-,-,G,G,K,-,G,G,-,G,-,G,G,-,-,-,K,-,G,K,-,-,-,G,G,G,G,G,-,G,G,K,K,G,-,-,G,-,G,-
"17,43249734,1,G/A",G,R,G,R,-,-,R,-,-,G,-,-,A,-,R,R,-,-,-,-,-,R,G,R,R,A,R,A,R,G,R,R,-,R,R,R,G,-,R,-,-,-,-,R,-,-,R,G,-,A,A,A,A,G,-,R,-,G,R,-
"17,44939003,1,C/T",C,Y,-,-,-,-,C,-,-,-,-,-,-,T,-,-,-,-,-,-,-,-,Y,C,T,Y,-,-,-,Y,-,-,-,-,-,-,-,-,-,-,-,-,-,Y,-,Y,Y,-,Y,-,C,-,-,Y,-,Y,T,Y,Y,T
"17,4633214,1,T/C",T,T,-,T,Y,-,Y,-,T,T,-,-,-,-,T,-,-,-,-,T,-,-,T,T,T,T,-,T,Y,Y,T,T,-,-,T,Y,-,T,T,-,T,-,-,T,-,-,-,-,T,-,Y,Y,T,T,-,-,T,T,T,-
"17,4977485,1,A/C",A,A,M,A,-,A,-,A,A,A,A,A,A,-,A,-,-,A,A,-,-,A,A,A,M,M,A,A,A,A,A,A,A,A,A,A,A,M,A,M,A,A,-,A,A,M,-,A,A,A,A,A,A,M,A,A,A,A,A,A
"17,4979365,1,G/A",G,-,G,R,G,G,-,G,G,G,G,G,R,-,-,G,-,R,G,-,G,G,G,G,G,G,G,G,G,G,G,G,G,G,G,G,G,G,G,G,G,G,-,G,-,R,G,-,G,G,G,-,R,G,G,G,G,G,G,G
"17,52276321,1,G/A",G,R,-,R,-,-,-,A,-,G,-,R,-,-,R,-,R,-,G,G,G,-,-,-,R,-,-,-,-,R,R,R,R,-,-,-,R,R,R,-,-,A,-,R,-,-,-,-,R,-,-,A,-,-,-,-,-,G,-,-
"17,53953216,1,A/G",A,A,R,A,A,A,A,-,-,A,-,-,A,-,R,A,-,-,-,R,A,A,-,A,-,-,A,A,-,-,A,R,A,A,A,A,A,A,A,A,A,A,-,A,-,A,A,-,-,A,A,R,A,-,A,A,A,A,A,A
"17,55643203,1,C/T",C,Y,-,-,-,-,-,-,-,C,C,C,-,-,-,-,C,-,-,-,-,-,-,Y,C,Y,C,C,Y,C,Y,C,Y,C,C,C,-,Y,C,-,C,-,-,-,-,-,C,-,-,C,Y,-,C,Y,Y,Y,-,C,C,C
"17,60323794,1,G/C",G,-,G,G,G,G,G,-,G,G,G,-,G,G,G,-,-,G,S,G,G,G,G,G,G,G,S,G,-,-,-,G,S,G,G,G,G,-,G,-,G,-,-,G,G,G,G,G,G,G,G,S,-,G,S,-,G,G,-,G
"17,63374977,1,A/C",A,M,C,M,-,-,M,C,-,-,M,-,-,-,-,-,-,M,M,M,M,-,-,M,-,-,-,-,-,C,-,-,M,-,-,-,-,-,M,-,-,-,-,-,-,-,-,-,-,-,A,-,-,-,C,-,-,M,M,-
"17,6547300,1,C/T",C,Y,C,-,C,C,-,C,-,-,C,T,T,-,-,-,-,-,-,Y,C,Y,-,T,-,T,-,-,-,-,Y,-,Y,-,-,Y,-,Y,Y,-,-,-,-,-,-,T,-,-,Y,-,-,Y,C,-,Y,-,-,-,-,-
"17,655318,1,G/A",G,R,-,-,-,R,-,-,-,-,-,-,-,-,A,-,-,-,-,-,-,-,-,-,R,-,-,-,-,G,-,-,-,-,R,-,-,-,-,-,R,-,-,-,R,-,-,-,R,-,-,-,-,-,-,-,-,-,-,-
"17,6842396,1,G/A",G,R,A,R,-,-,-,G,-,G,-,G,-,-,G,-,-,-,-,R,-,-,A,R,G,R,R,-,-,-,-,-,-,-,-,-,G,-,R,-,-,-,-,R,G,R,R,-,R,-,R,R,-,-,-,G,-,-,G,-
"17,68713270,1,C/T",C,Y,-,-,-,T,-,-,-,-,T,-,-,T,Y,-,-,T,-,-,T,-,-,C,C,Y,-,Y,-,Y,Y,-,Y,-,Y,-,-,-,C,C,C,C,-,-,-,-,-,-,Y,-,-,-,-,-,Y,-,T,Y,C,Y
"17,68750570,1,C/T",C,-,-,C,-,Y,-,-,-,-,-,-,T,-,-,C,C,-,-,-,-,-,C,C,-,Y,-,-,-,C,Y,-,-,-,-,-,-,Y,Y,-,Y,-,-,-,-,-,-,-,Y,T,-,-,-,-,-,C,-,-,-,Y
"17,70280565,1,G/A",G,R,R,R,-,R,R,-,R,G,R,-,-,-,R,-,-,-,-,R,R,-,-,-,R,G,-,R,A,G,-,-,-,R,R,R,R,G,R,-,-,-,G,R,R,-,R,-,G,-,A,A,-,A,-,-,-,-,-,-
"17,70344523,1,G/A",G,R,-,R,-,-,G,-,-,G,-,-,-,G,-,G,A,A,R,G,R,-,-,-,-,G,A,R,-,-,R,A,R,-,R,R,G,-,G,-,-,-,-,R,-,-,R,R,-,-,R,-,-,-,-,G,-,G,-,-
"17,70743419,1,T/A",T,-,-,T,-,W,-,W,T,W,T,W,-,W,T,-,T,T,-,W,-,-,T,W,T,-,-,T,-,W,W,W,-,T,W,W,T,T,-,W,T,-,W,T,T,-,-,-,T,-,W,T,W,-,T,W,T,T,T,T
"17,70794557,1,A/C",A,M,-,M,-,-,-,A,-,-,C,-,-,-,M,-,C,-,-,-,A,-,A,-,-,C,-,M,-,-,-,-,-,-,C,M,-,M,-,-,M,-,-,-,C,-,M,-,-,-,-,C,-,-,-,-,-,-,-,-
"17,70794567,1,C/T",C,Y,-,Y,-,-,Y,C,-,-,T,-,-,-,-,-,T,-,-,-,C,-,C,-,-,T,-,-,-,Y,-,T,-,-,-,Y,-,Y,T,-,T,-,-,-,T,-,Y,-,-,-,-,T,-,-,-,-,-,-,-,-
"17,70840584,1,G/A",G,-,-,-,-,-,-,R,-,-,G,G,-,-,R,-,-,R,-,G,R,-,A,R,A,-,-,R,-,-,R,-,-,-,R,R,-,-,R,-,R,-,-,-,A,-,G,R,-,-,-,R,-,-,-,-,-,-,-,-
"17,71010218,1,A/G",A,R,-,-,-,R,-,-,-,-,-,-,-,-,-,-,-,G,-,-,-,G,G,-,-,G,-,R,-,G,-,-,-,-,G,A,A,-,G,-,-,-,-,-,-,-,-,-,R,G,R,-,-,-,-,-,A,A,-,-
"17,7104447,1,A/C",A,M,M,-,-,-,-,-,-,M,-,A,C,-,-,M,-,-,-,C,A,-,C,C,-,M,M,M,M,M,M,M,M,-,M,-,-,-,M,-,C,-,-,M,C,-,-,M,-,M,M,A,A,M,-,-,A,-,A,-
"17,71063657,1,C/G",C,S,C,S,C,S,-,-,-,C,-,S,-,G,-,-,-,-,-,-,G,-,S,G,C,G,-,-,-,C,S,-,-,-,S,S,S,S,-,-,-,-,G,S,G,-,S,-,S,G,-,-,-,G,-,-,G,G,C,-
"17,71138412,1,G/A",G,R,G,R,G,R,R,-,R,R,R,A,-,A,-,R,-,G,R,-,-,G,-,-,R,R,A,R,G,G,-,-,R,-,-,-,-,-,G,A,R,-,-,R,A,-,R,R,R,-,R,-,-,R,-,G,G,R,R,R
"17,71138578,1,C/G",C,S,C,S,C,S,-,-,S,-,S,G,-,G,S,-,C,C,-,-,G,C,S,G,S,-,G,S,C,C,S,-,S,S,-,-,S,S,C,G,S,-,-,S,-,-,-,-,S,S,S,-,-,-,-,-,C,S,-,S
"17,71591433,1,A/G",A,R,-,G,-,A,-,-,-,-,-,-,R,-,-,R,-,-,-,R,-,-,R,R,-,A,-,-,-,A,R,R,R,-,G,-,-,-,-,-,-,-,-,A,-,-,R,-,R,R,G,G,G,A,-,-,-,-,-,-
"17,71595500,1,C/T",C,Y,-,Y,-,-,-,-,-,-,-,-,-,-,-,Y,-,-,-,-,-,-,-,-,-,C,-,-,-,-,Y,-,-,-,-,-,-,-,C,-,-,-,-,C,-,-,-,-,-,Y,-,T,-,-,-,-,-,-,-,-
"17,71913117,1,C/T",C,Y,-,Y,Y,-,-,T,-,-,C,C,-,-,C,C,C,C,-,-,-,-,-,T,T,T,-,-,C,-,-,C,-,-,C,-,Y,-,C,-,T,-,-,Y,-,C,Y,T,T,Y,Y,-,-,-,C,T,-,Y,Y,-
"17,7342059,1,G/T",G,-,G,-,-,-,-,-,-,K,-,-,-,-,-,-,-,-,G,-,-,-,G,K,-,G,-,G,-,G,K,K,-,-,-,K,K,-,-,-,-,-,-,-,-,K,-,-,G,K,K,-,-,-,-,-,-,K,K,K
"17,75598736,1,C/T",C,Y,-,Y,-,Y,-,-,-,-,-,-,-,Y,-,-,-,-,-,-,-,-,-,-,-,Y,-,-,-,T,-,-,-,-,-,-,Y,-,-,-,-,-,-,Y,-,-,T,-,-,-,-,-,Y,-,-,Y,-,-,-,-
"17,76533982,1,G/A",G,-,R,A,R,R,-,-,-,-,-,-,G,-,-,R,-,-,-,-,G,-,-,R,-,R,R,R,-,-,G,A,-,G,-,R,R,-,A,A,R,A,-,R,-,-,-,-,-,-,-,A,-,A,-,-,R,R,-,-
"17,7696457,1,G/A",G,R,-,R,-,R,R,-,-,G,-,-,-,-,-,R,-,-,-,-,-,-,-,-,A,A,A,-,-,-,R,-,-,-,-,-,-,-,-,-,R,-,-,R,-,G,-,-,-,R,-,-,-,R,-,-,-,-,-,-
"17,77242768,1,C/T",C,-,-,T,-,Y,C,-,-,-,Y,-,T,-,Y,-,-,-,-,-,-,-,-,T,Y,-,-,Y,-,T,-,Y,T,-,Y,C,-,-,Y,C,-,C,-,Y,Y,C,-,C,-,C,T,-,T,Y,-,C,T,-,Y,-
"17,7883159,1,G/A",G,R,-,R,G,-,A,-,-,-,A,-,-,-,-,-,-,-,G,-,-,-,-,A,-,R,-,-,-,A,-,R,-,-,R,R,-,-,-,-,-,-,-,R,R,-,-,-,-,-,R,-,-,-,-,-,-,-,-,-
"18,14173516,1,A/G",A,R,-,-,-,-,-,-,-,-,R,-,-,-,-,-,-,-,A,-,-,-,A,-,R,R,-,-,-,R,A,-,-,-,-,-,-,-,R,-,-,-,-,-,A,-,-,-,-,R,A,-,-,-,-,A,-,-,A,-
"18,14173823,1,A/G",A,-,-,A,-,R,A,-,A,R,A,A,-,R,A,A,R,A,A,R,A,-,A,A,A,-,A,-,A,-,-,R,-,A,A,R,-,A,R,A,A,-,A,A,A,R,-,-,A,R,A,R,A,A,-,A,A,A,A,A
"18,14173848,1,T/C",T,Y,-,T,-,Y,-,-,T,Y,T,T,T,Y,T,T,Y,T,T,Y,T,-,T,T,T,T,T,T,T,Y,-,-,T,T,T,Y,T,T,Y,T,T,-,T,T,T,Y,T,-,T,-,T,-,T,T,-,T,T,T,T,T
"18,14173876,1,G/T",G,K,G,G,G,K,-,-,-,-,G,G,G,K,G,G,K,G,G,G,G,-,G,G,-,G,G,G,G,-,-,-,G,-,-,-,G,G,G,-,-,-,G,G,G,K,-,-,G,G,G,K,G,G,-,G,G,G,G,G
"18,14174100,1,A/G",A,R,A,A,-,A,-,-,-,A,A,A,R,A,A,A,A,R,A,A,-,-,R,-,A,A,A,A,A,-,A,A,R,-,R,A,-,A,R,R,A,-,A,R,R,A,-,-,A,A,A,R,-,-,-,A,R,A,R,R
"18,14174151,1,T/C",T,Y,T,T,T,Y,-,-,-,T,-,T,-,T,-,-,-,T,T,-,-,-,Y,Y,Y,Y,T,-,T,-,-,-,Y,-,Y,-,T,Y,T,Y,T,-,T,T,T,Y,Y,-,-,T,T,-,-,-,-,T,T,-,T,T
"18,42087699,1,T/G",T,T,T,-,T,T,T,K,T,T,-,T,T,T,T,T,T,-,-,T,T,-,T,T,T,T,T,T,T,-,T,T,K,T,T,T,-,-,T,-,T,-,T,T,K,T,T,T,T,T,T,T,-,K,T,-,-,-,K,-
"18,50736092,1,A/T",A,A,-,-,-,-,-,W,-,W,-,-,-,A,-,-,A,-,-,-,-,-,-,W,-,-,-,A,-,-,-,W,-,W,-,-,-,W,-,-,-,-,-,A,-,-,-,-,-,-,-,-,-,-,-,-,W,-,-,-
"18,52756696,1,G/A",G,R,R,-,-,R,-,-,-,-,-,R,-,-,-,R,R,-,-,-,-,-,-,-,-,R,R,R,-,R,-,-,R,-,-,-,A,-,R,-,-,-,-,-,-,-,R,-,R,-,R,-,-,-,A,-,-,-,-,-
"18,58179801,1,T/G",T,-,K,-,-,-,-,-,-,-,-,-,K,-,-,K,G,-,-,T,K,-,-,K,-,-,-,-,-,G,K,-,-,-,-,-,-,-,-,-,-,-,-,K,-,-,-,-,-,-,G,-,-,-,-,-,-,-,-,-
"18,667214,1,G/A",G,R,-,R,-,-,-,G,-,-,-,R,-,G,-,A,G,R,A,-,-,-,-,-,-,-,R,-,A,R,R,A,R,R,R,R,-,A,R,G,-,-,-,R,-,R,R,-,G,-,-,A,-,-,-,A,-,-,A,-
"18,667240,1,G/A",G,R,-,-,-,-,-,G,-,-,G,R,R,G,-,A,G,-,A,-,-,-,-,R,-,-,-,R,-,R,R,A,R,R,R,R,R,R,R,G,-,-,-,R,-,R,R,-,G,-,-,A,-,A,-,A,G,-,A,-
"19,10534302,1,A/C",A,M,-,M,-,M,-,-,-,A,-,-,A,-,-,-,-,-,A,-,-,A,-,-,A,A,-,M,-,-,M,-,M,-,M,-,M,-,-,-,M,A,-,M,C,C,M,-,-,-,M,-,-,-,C,C,-,-,C,-
"19,1206376,1,A/G",A,R,-,-,-,-,-,-,-,-,-,-,-,-,G,-,-,-,-,-,-,-,R,-,R,-,-,R,-,-,-,R,-,-,-,-,-,-,-,-,-,-,-,-,-,G,-,-,-,G,-,-,-,-,-,-,-,-,-,-
"19,12905544,1,A/C",A,-,-,-,-,-,-,-,-,-,-,-,-,M,A,-,-,-,-,-,-,-,-,-,C,-,-,-,C,-,-,M,-,-,-,-,-,-,-,C,-,-,-,-,-,-,-,-,M,M,-,-,-,-,-,-,-,-,M,-
"19,1411036,1,A/G",A,R,-,-,-,-,-,-,-,-,-,-,-,-,-,-,-,-,-,-,R,-,-,-,-,-,-,R,-,-,-,-,-,A,G,-,-,A,-,-,-,-,-,G,-,-,A,-,R,-,-,A,-,-,-,-,-,R,-,-
"19,14737701,1,C/T",C,C,-,C,-,C,C,C,-,-,-,-,-,C,-,-,-,-,Y,T,-,-,-,-,Y,Y,C,Y,-,-,-,C,-,-,-,-,-,-,-,-,-,-,-,-,C,C,-,C,-,-,Y,-,-,C,-,-,Y,-,Y,-
"19,1562917,1,T/G",T,K,-,-,-,K,-,-,-,-,-,-,-,-,-,-,-,-,-,-,-,-,T,T,-,K,-,-,-,K,-,K,K,-,K,-,K,K,-,-,-,-,-,K,-,-,-,-,K,-,G,-,-,K,-,K,G,K,-,-
"19,16374094,1,C/A",C,M,C,C,M,C,-,-,C,M,C,C,C,M,C,-,-,C,-,-,-,-,-,M,-,-,C,M,C,-,C,-,C,C,C,-,-,C,-,-,C,-,-,-,-,C,-,-,C,C,-,-,C,-,-,-,-,-,-,M
"19,17377402,1,A/C",A,A,-,A,-,-,A,A,-,A,-,-,A,-,A,M,-,-,-,M,-,A,A,-,M,A,A,A,A,A,A,-,M,M,A,A,-,-,-,-,-,A,-,A,M,-,A,A,A,A,M,-,A,-,-,M,-,A,-,A
"19,18406540,1,G/A",G,-,-,R,-,-,-,-,-,-,-,-,-,-,-,-,-,-,-,-,-,-,-,-,-,-,-,-,-,R,-,R,-,-,-,-,-,-,-,-,-,A,-,-,-,-,-,-,-,R,R,-,-,-,-,-,-,-,-,-
"19,18755903,1,G/A",G,R,R,-,-,-,A,G,-,-,-,-,G,-,-,G,A,-,-,-,-,-,-,A,-,R,G,R,-,-,R,A,-,-,R,R,R,R,-,-,A,-,-,G,-,-,-,-,G,-,-,-,A,-,-,-,A,-,R,-
"19,1937455,1,G/A",G,R,-,-,-,-,-,-,-,R,-,-,-,-,-,A,-,-,-,R,G,-,-,G,-,A,-,R,-,-,R,G,G,-,-,R,-,R,R,-,-,-,-,R,-,-,-,-,R,-,R,R,-,-,-,-,-,-,-,-
"19,2180693,1,A/G",A,R,G,R,G,R,-,-,-,-,-,A,-,-,A,-,-,A,-,G,G,-,-,-,R,-,R,R,-,R,-,R,R,R,-,G,G,R,G,-,-,A,-,A,-,-,R,-,-,R,R,-,G,-,-,-,G,-,A,-
"19,2364961,1,G/C",G,S,-,S,-,-,-,-,G,-,S,-,-,-,-,G,-,-,-,C,G,-,-,C,G,-,-,-,-,-,-,-,-,-,-,-,-,-,-,-,-,-,-,-,-,-,G,-,G,-,S,-,-,-,-,G,-,-,-,-
"19,2683986,1,C/T",C,Y,-,Y,-,-,Y,-,-,Y,-,T,T,T,Y,-,-,-,Y,C,-,-,Y,Y,C,C,-,-,-,-,-,Y,Y,-,-,-,-,-,Y,-,-,-,-,Y,-,-,Y,-,-,-,Y,Y,-,-,-,-,-,-,-,-
"19,38182320,1,G/A",G,R,-,R,G,-,-,-,-,-,R,-,G,R,-,-,G,G,-,G,R,-,G,G,G,G,-,G,G,G,G,G,-,G,G,G,-,-,G,G,G,G,-,G,-,G,G,R,G,R,-,-,G,-,G,-,G,G,-,G
"19,40816016,1,A/G",A,R,-,-,-,-,-,-,-,-,-,-,-,A,-,-,-,-,-,-,-,-,-,-,R,R,A,R,-,-,R,-,R,G,R,R,G,-,-,-,R,-,G,-,-,A,R,-,-,G,-,-,-,-,R,-,A,-,-,-
"19,43398517,1,G/C",G,S,-,-,-,G,-,-,-,-,-,-,-,-,-,-,-,-,-,G,G,C,C,-,C,G,-,-,-,S,-,C,-,S,-,-,-,-,-,S,G,-,-,-,-,-,-,C,S,-,S,-,-,S,-,-,S,-,-,-
"19,43486735,1,C/T",C,Y,-,Y,-,-,-,-,-,T,Y,-,-,-,C,T,-,-,-,Y,T,-,-,C,Y,Y,Y,Y,-,-,-,-,Y,-,Y,-,C,-,-,T,Y,T,-,Y,-,-,-,-,-,-,T,-,-,Y,-,-,-,Y,-,-
"19,44029965,1,G/A",G,R,-,-,-,-,G,-,-,-,-,-,-,-,R,-,R,-,-,G,G,G,R,-,R,G,R,R,-,R,R,R,-,-,R,R,-,-,-,-,-,-,-,R,-,-,R,-,R,R,R,-,-,G,R,A,A,-,A,G
"19,46073680,1,C/G",C,S,S,-,-,-,-,C,-,-,-,S,-,-,C,-,-,G,-,-,-,-,-,-,S,S,-,-,-,-,-,-,S,-,-,-,-,-,-,-,-,-,G,-,-,-,-,-,-,-,S,-,-,-,-,-,-,-,-,-
"19,46313947,1,G/C",G,-,G,G,G,-,-,G,G,-,G,G,G,-,G,-,G,S,-,G,G,-,-,G,G,G,G,G,G,G,G,S,G,-,G,G,-,G,G,G,-,S,-,-,-,G,-,-,G,S,S,G,G,-,-,-,G,G,G,G
"19,46624452,1,T/C",T,Y,-,C,-,T,C,T,-,-,T,-,-,T,C,C,-,-,-,-,T,-,-,-,T,Y,-,Y,Y,Y,T,-,Y,-,-,Y,-,Y,Y,-,-,-,-,Y,-,T,-,-,Y,-,C,T,Y,-,-,C,-,-,Y,-
"19,47005761,1,G/T",G,-,-,K,-,-,-,-,-,T,G,K,-,-,-,-,-,G,-,-,K,-,-,-,-,-,-,-,-,G,-,K,-,-,K,G,K,-,-,K,K,K,-,K,-,K,-,-,G,T,G,-,K,-,G,-,-,-,G,K
"19,48465522,1,T/C",T,-,T,Y,T,-,T,T,T,-,-,T,T,T,T,T,-,T,T,-,T,-,T,Y,-,T,T,T,-,T,-,T,T,T,-,T,T,T,T,-,T,T,-,T,T,T,T,T,Y,T,T,-,-,-,T,T,Y,T,-,Y
"19,48465542,1,C/A",C,M,C,M,C,-,C,C,-,-,-,C,C,C,C,C,-,C,C,-,C,-,C,M,-,C,-,C,-,C,-,C,C,C,-,C,C,C,C,-,C,-,-,C,C,C,C,-,M,C,C,-,-,-,C,C,M,C,C,M
"19,52288942,1,T/C",T,Y,T,-,T,-,-,-,-,-,Y,-,-,-,-,-,-,T,-,-,-,-,-,-,T,Y,-,-,Y,-,-,-,T,-,-,-,-,-,-,-,Y,-,-,-,-,T,-,T,-,-,-,-,-,-,-,T,-,-,-,-
"19,52455413,1,T/C",T,Y,-,Y,-,-,-,T,Y,-,-,-,-,C,Y,C,-,C,-,-,C,-,Y,-,-,Y,-,-,-,Y,-,-,Y,-,-,-,-,-,C,-,Y,T,-,-,Y,-,-,-,C,-,Y,-,-,-,Y,-,-,Y,-,-
"19,52567681,1,G/A",G,-,-,G,-,-,-,R,-,-,-,-,R,-,R,-,-,-,-,-,G,-,-,-,-,-,G,R,-,G,-,-,G,-,R,-,G,-,-,-,-,-,-,-,-,R,-,-,R,G,R,-,-,-,-,-,-,R,-,-
"19,54872180,1,C/G",C,S,-,-,-,-,-,-,G,-,G,-,-,G,-,-,-,-,-,-,-,-,C,-,S,C,-,-,-,S,C,-,-,-,S,S,-,-,-,-,-,-,-,-,-,-,-,-,-,-,-,-,S,-,-,-,-,-,-,-
"19,55675357,1,A/G",A,R,-,-,-,-,A,-,G,-,G,-,-,-,G,A,-,-,-,-,-,-,A,-,R,-,R,-,-,-,-,R,R,A,-,-,-,-,-,-,R,-,-,R,-,G,-,-,-,-,-,A,-,R,-,-,-,A,-,-
"19,56192734,1,T/C",T,T,-,-,-,-,Y,T,-,-,-,-,-,-,Y,-,-,Y,-,-,-,T,T,T,-,-,-,-,-,T,-,T,-,T,T,Y,-,-,-,-,T,-,-,-,T,-,Y,-,-,-,T,-,T,-,-,-,-,-,-,-
"19,5645349,1,G/A",G,R,-,-,-,-,-,-,G,-,-,-,-,R,-,A,-,-,-,-,R,-,R,A,-,-,R,R,-,R,-,R,R,-,R,R,-,-,R,-,R,-,-,R,-,G,R,-,G,-,R,R,A,A,-,R,-,G,-,G
"19,5645649,1,C/T",C,C,-,-,-,C,-,-,C,-,-,-,-,Y,-,-,-,-,-,C,C,-,Y,Y,-,C,-,-,-,C,C,-,-,-,Y,C,C,C,C,-,Y,-,-,Y,-,C,C,-,-,-,Y,C,-,-,-,-,-,-,-,C
"19,5647245,1,A/G",A,R,G,R,-,-,-,-,-,-,-,-,-,R,A,G,-,-,-,R,R,R,G,G,-,A,-,R,R,R,R,R,-,G,-,R,R,R,-,-,R,G,-,R,-,A,R,-,-,-,R,R,G,-,-,-,-,R,G,A
"19,5656617,1,T/C",T,Y,-,-,-,T,-,-,T,-,-,-,-,-,-,-,-,Y,-,-,-,-,-,-,-,T,-,-,-,-,-,-,Y,-,-,-,-,-,-,-,C,-,-,-,-,-,-,-,-,-,-,-,-,-,-,-,-,Y,-,-
"19,5658051,1,C/G",C,-,-,-,-,-,-,-,-,-,-,-,-,-,-,-,-,-,-,-,-,-,-,S,-,S,-,-,-,-,-,-,-,-,-,-,S,-,-,-,S,-,-,S,-,-,S,-,-,-,-,-,-,-,-,-,-,-,-,C
"19,56612119,1,G/C",G,-,G,-,-,G,G,-,G,S,-,G,-,G,G,G,G,G,G,G,-,-,-,G,G,-,S,G,G,G,G,G,S,G,G,S,-,G,S,G,S,G,-,-,G,G,G,G,G,G,G,G,G,G,G,G,G,G,-,G
"19,5818748,1,T/G",T,K,T,G,-,-,G,-,T,G,K,-,K,T,K,G,-,-,T,-,-,K,-,K,K,G,T,K,K,-,K,-,-,K,-,-,K,-,T,-,-,-,-,K,-,-,G,K,K,K,K,-,T,-,-,-,-,K,K,-
"19,58948997,1,C/G",C,S,-,S,-,-,-,-,S,-,S,C,S,C,-,-,-,-,-,-,S,-,-,G,-,G,-,S,S,C,S,C,-,-,-,C,S,-,C,-,C,-,S,C,-,C,C,C,G,-,S,C,-,-,C,-,-,C,-,S
"19,58949003,1,C/A",C,-,-,M,-,A,-,-,M,-,M,C,M,C,M,-,-,-,-,-,M,-,-,A,-,A,-,M,M,C,M,-,-,A,-,C,M,-,C,-,C,-,M,-,-,C,C,C,A,C,M,C,-,-,C,-,-,C,-,M
"19,58953233,1,C/G",C,-,S,-,-,-,-,-,S,-,C,C,-,-,-,S,-,C,-,-,-,-,-,-,-,S,C,-,-,-,-,C,C,S,-,C,C,C,-,-,C,-,S,-,-,-,C,-,S,-,-,-,-,C,C,C,S,-,C,C
"19,59298021,1,T/G",T,K,T,G,-,K,K,G,K,-,K,K,-,K,T,-,-,-,-,K,K,-,G,K,K,-,-,K,K,K,K,-,K,K,K,-,-,K,-,-,K,-,-,K,T,-,K,-,-,-,-,G,-,-,K,K,K,G,-,K
"19,59298217,1,T/C",T,Y,T,C,-,Y,C,C,Y,C,Y,Y,-,Y,T,C,-,Y,-,Y,Y,-,-,Y,C,-,-,Y,Y,Y,-,-,Y,C,Y,Y,Y,Y,-,-,T,-,-,Y,T,Y,Y,-,Y,-,-,C,-,T,Y,Y,Y,C,Y,Y
"19,59413259,1,T/C",T,Y,T,Y,-,-,Y,T,Y,T,T,T,-,T,T,T,-,T,-,T,-,T,Y,T,T,T,-,Y,-,T,Y,C,T,Y,Y,Y,-,T,-,-,T,-,T,Y,T,T,Y,T,Y,T,T,Y,T,-,T,T,T,Y,-,-
"19,59418523,1,G/T",G,K,-,K,-,-,G,G,K,-,-,G,-,G,G,K,-,K,-,-,-,-,G,-,K,K,-,-,-,-,G,-,K,G,-,K,-,G,-,-,G,-,-,G,G,G,G,K,G,-,G,-,G,-,-,G,-,-,-,-
"19,59418645,1,T/C",T,Y,T,Y,-,T,T,T,Y,-,T,T,-,T,T,Y,-,Y,-,T,T,T,T,-,T,-,-,-,-,T,T,-,Y,T,T,T,T,T,-,-,T,-,T,T,T,T,T,Y,T,-,T,-,-,-,-,T,T,T,-,-
"19,59515384,1,G/T",G,-,G,-,-,G,-,G,K,-,G,-,G,G,G,K,-,K,-,K,G,-,G,G,K,K,G,G,G,G,G,-,-,G,G,K,G,G,G,G,K,-,G,G,G,G,G,-,G,-,-,K,-,-,G,G,G,G,G,G
"19,59515463,1,G/A",G,R,G,-,-,G,-,G,R,G,G,-,G,G,G,R,-,R,-,-,G,-,G,G,-,R,G,G,G,G,G,-,R,G,G,R,G,G,G,G,-,G,G,G,G,G,G,-,G,-,-,-,-,-,-,G,G,G,G,G
"19,59777423,1,C/A",C,C,C,M,-,C,C,-,M,C,M,-,C,C,-,M,-,M,-,-,-,-,C,M,-,M,C,C,-,C,C,C,M,C,C,M,-,C,-,C,C,M,-,C,-,-,C,-,C,C,C,C,C,-,C,C,-,C,-,C
"19,59839888,1,G/A",G,G,-,G,G,G,G,G,G,G,G,G,-,G,G,R,-,R,-,G,G,-,G,G,G,R,G,G,G,-,G,G,R,R,G,R,G,G,G,G,R,G,-,G,-,G,G,R,G,G,G,G,G,G,-,-,G,G,G,G
"19,60872485,1,T/C",T,Y,-,Y,-,-,-,-,Y,-,T,-,-,-,T,C,-,-,-,-,-,-,-,-,Y,Y,Y,-,-,-,-,-,-,T,-,-,-,-,-,-,-,-,-,-,C,-,-,-,-,-,-,-,-,-,-,Y,-,-,-,-
"19,61714556,1,A/T",A,-,-,A,-,-,-,-,W,-,T,-,-,-,-,-,-,W,-,-,-,-,-,T,T,-,-,-,-,-,-,-,-,-,-,-,-,T,-,-,-,-,-,-,-,-,-,-,W,-,-,T,-,-,-,-,-,-,-,T
"19,63683712,1,A/G",A,R,-,-,-,-,G,G,R,-,R,-,G,-,-,-,-,-,G,-,-,-,-,-,R,-,-,R,-,G,-,G,-,-,A,R,A,-,-,-,-,G,-,R,R,-,-,-,-,-,-,-,-,-,-,R,-,-,-,-
"19,6404842,1,C/G",C,S,-,-,-,-,-,-,-,-,-,-,-,G,-,-,-,-,-,S,-,-,-,G,G,S,-,-,-,-,-,-,-,C,-,-,-,-,S,-,S,-,-,-,-,-,-,-,-,-,-,C,G,-,-,-,C,-,-,-
"19,6683018,1,T/C",T,Y,-,-,-,Y,-,-,-,-,-,-,-,-,-,T,-,-,-,-,-,-,-,-,Y,-,-,Y,-,-,C,-,-,-,Y,Y,Y,Y,-,-,C,-,-,T,-,-,Y,Y,-,Y,Y,-,-,-,-,-,-,-,-,-
"19,7499169,1,G/A",G,R,-,R,-,-,A,-,-,-,-,-,-,-,R,-,A,-,-,-,R,-,-,-,-,-,R,-,-,G,R,R,R,-,-,R,R,R,R,-,-,-,-,-,-,-,R,-,-,-,R,-,-,R,-,A,A,-,A,-
"19,7499805,1,C/T",C,Y,-,Y,-,Y,-,-,C,-,-,-,-,-,T,-,T,-,-,-,Y,-,-,-,Y,Y,C,Y,-,C,Y,Y,Y,-,-,Y,Y,Y,Y,-,Y,-,-,Y,-,-,Y,-,T,C,Y,C,-,Y,-,-,Y,Y,Y,-
"19,7513564,1,T/C",T,Y,-,-,-,C,Y,-,Y,Y,Y,-,-,-,-,-,T,-,T,T,Y,-,-,-,-,-,-,Y,-,C,T,T,Y,-,Y,Y,-,Y,-,-,-,-,-,-,-,-,-,-,T,-,-,-,-,Y,-,-,T,T,-,Y
"19,7700605,1,T/C",T,Y,-,-,-,T,-,-,Y,Y,Y,-,-,T,-,-,C,-,T,-,Y,-,Y,T,Y,-,-,-,-,-,-,C,-,T,Y,C,Y,-,C,-,-,T,-,Y,-,Y,-,T,T,-,T,Y,-,C,-,T,-,Y,T,-
"19,8227969,1,C/T",C,Y,Y,-,Y,Y,Y,C,C,Y,C,-,-,-,-,-,-,-,-,-,C,-,T,-,Y,-,-,-,T,Y,-,C,-,Y,Y,C,-,Y,Y,-,-,-,-,C,-,-,Y,-,T,Y,Y,-,-,-,T,-,-,-,-,-
"19,917968,1,A/G",A,-,-,A,-,-,-,-,-,A,-,-,-,-,-,-,-,-,-,-,-,-,-,-,R,A,A,A,-,-,A,R,A,-,-,R,-,A,-,-,A,-,A,-,-,-,-,A,R,R,-,-,-,-,-,-,-,-,A,A
"19,955740,1,C/T",C,Y,-,Y,-,-,-,-,-,T,-,-,-,Y,-,Y,-,-,-,-,Y,-,-,-,-,Y,Y,Y,-,-,-,Y,-,Y,T,-,-,-,-,-,Y,-,C,-,-,-,Y,-,-,-,Y,Y,T,-,-,T,-,T,-,-
"19,955808,1,T/C",T,Y,-,-,-,C,C,-,-,C,-,-,-,Y,-,Y,-,-,-,-,Y,-,Y,-,Y,-,Y,T,-,-,Y,-,-,Y,C,Y,Y,C,C,-,Y,-,T,C,-,C,Y,Y,-,Y,Y,Y,C,-,-,C,-,C,Y,-
"19,9977076,1,C/G",C,S,-,S,-,S,-,-,-,C,-,-,-,-,-,-,-,-,-,S,-,-,-,-,S,G,-,-,-,-,-,S,S,-,-,-,-,-,C,G,-,-,-,S,-,-,S,-,-,S,C,-,-,-,-,-,-,-,-,-
"2,112330803,1,T/A",T,W,-,T,-,-,T,-,-,W,W,T,W,W,-,T,-,-,-,-,-,T,T,T,T,W,-,T,-,T,W,-,-,T,-,T,-,-,-,W,T,T,-,T,-,-,-,T,-,W,T,-,T,T,W,T,-,-,-,W
"2,112330900,1,G/A",G,R,-,G,-,R,G,-,-,R,R,G,R,R,G,-,A,-,G,-,-,G,G,G,G,R,-,G,R,G,R,-,G,G,-,-,G,G,R,R,-,G,-,G,G,-,-,G,-,R,G,-,G,G,R,-,-,-,G,-
"2,112332341,1,G/T",G,K,K,-,-,-,G,K,-,K,-,K,K,K,K,-,K,-,K,-,-,-,K,G,G,-,K,K,-,G,K,K,K,G,K,G,K,K,-,-,G,G,-,G,-,-,K,K,-,-,G,K,K,G,K,G,T,K,G,K
"2,112560037,1,T/A",T,T,-,-,-,T,-,-,T,-,-,-,T,T,T,W,T,-,-,-,-,-,-,T,T,W,T,T,T,T,W,-,T,W,T,T,T,T,T,T,T,T,T,-,-,T,W,T,T,W,-,-,T,T,T,-,T,T,T,T
"2,114108191,1,T/C",T,Y,-,Y,C,-,-,-,T,C,Y,-,-,-,-,Y,C,-,-,Y,-,-,T,-,Y,Y,Y,-,-,Y,Y,Y,Y,-,Y,Y,-,Y,-,-,-,T,C,Y,-,-,-,-,Y,Y,-,-,-,Y,T,Y,Y,-,-,-
"2,11695208,1,T/C",T,-,-,-,-,T,-,-,-,-,-,-,Y,-,T,-,-,T,-,-,-,-,T,Y,-,-,-,T,-,T,-,-,T,-,Y,T,-,-,T,-,-,-,T,Y,-,-,-,-,Y,-,-,-,-,-,-,T,-,-,-,C
"2,128117078,1,C/T",C,Y,-,Y,-,-,Y,-,C,-,Y,-,-,T,-,C,-,-,-,-,T,-,-,-,-,-,-,-,-,-,T,-,Y,-,Y,-,C,-,Y,-,-,-,-,C,-,-,T,T,-,T,Y,-,-,-,-,Y,-,C,T,-
"2,128123969,1,A/G",A,R,G,R,-,-,-,-,A,-,-,-,-,G,-,-,-,-,-,-,-,-,-,-,-,A,G,-,-,R,-,-,-,G,R,-,-,-,R,-,-,-,-,R,G,-,G,-,-,-,R,-,-,-,-,R,-,-,G,-
"2,130819875,1,T/C",T,Y,-,-,-,-,-,-,-,-,C,Y,-,-,Y,-,-,-,-,-,T,-,-,-,-,-,-,Y,T,Y,Y,-,Y,C,-,-,-,Y,Y,T,C,-,-,Y,-,-,-,-,-,Y,-,-,Y,-,-,Y,-,-,C,-
"2,141314943,1,T/A",T,W,W,-,W,-,-,-,-,W,-,-,-,-,-,-,-,-,-,-,-,-,-,-,-,-,-,-,-,-,-,-,-,-,-,-,-,-,-,-,-,-,-,-,-,-,-,-,-,-,-,-,-,-,-,-,-,-,W,-
"2,141728771,1,T/C",T,Y,-,-,-,Y,-,Y,-,-,-,-,-,Y,-,-,Y,Y,Y,-,-,-,-,-,-,-,-,-,T,-,-,-,-,-,-,-,-,-,-,-,-,-,-,-,-,-,-,T,-,-,-,T,-,-,-,-,-,Y,-,Y
"2,152025915,1,G/A",G,R,R,-,R,-,-,A,-,-,R,-,R,-,-,-,R,R,-,G,-,-,-,A,G,R,-,R,-,G,R,-,R,-,R,R,R,-,-,A,-,A,-,R,A,-,R,-,G,A,-,-,G,-,G,R,-,R,-,-
"2,176653913,1,T/C",T,Y,-,-,-,-,Y,-,-,T,Y,-,-,T,-,-,-,-,-,-,-,-,-,-,-,T,-,-,-,T,-,-,-,-,-,Y,-,-,-,-,-,-,-,Y,Y,-,-,-,-,Y,C,-,-,-,-,-,-,T,T,-
"2,198060006,1,G/T",G,-,G,G,-,-,-,G,G,G,-,K,G,G,-,-,G,G,-,-,-,-,G,G,G,K,K,G,G,-,G,-,G,-,-,G,G,-,G,G,G,K,-,G,G,-,G,-,G,G,K,G,K,G,-,-,-,G,G,G
"2,201449816,1,T/C",T,Y,-,T,-,Y,T,C,-,Y,-,-,Y,Y,-,Y,Y,Y,-,-,-,T,T,T,-,-,Y,-,-,T,Y,Y,Y,-,Y,Y,-,-,-,-,-,-,Y,Y,-,C,Y,Y,Y,T,C,-,-,Y,-,-,T,T,Y,-
"2,216988519,1,T/C",T,-,-,-,T,Y,T,Y,-,-,Y,T,T,-,-,T,-,T,Y,-,T,-,-,Y,T,T,-,T,T,T,Y,-,-,-,Y,-,T,T,-,-,T,T,-,T,-,T,T,-,-,T,-,-,T,T,-,T,-,T,-,T
"2,227367827,1,G/C",G,-,-,-,-,C,-,G,-,G,-,-,G,S,-,G,G,S,-,-,S,-,G,-,G,S,-,-,-,C,S,C,S,G,G,S,G,S,S,-,S,G,-,S,-,-,S,-,S,S,S,-,G,G,-,G,-,S,-,-
"2,230784276,1,G/T",G,K,-,-,-,-,-,-,-,-,-,-,-,K,T,-,-,-,-,-,-,K,G,-,-,-,-,-,-,-,-,K,-,-,K,-,-,-,-,-,-,-,-,-,-,-,-,-,K,-,-,G,-,-,G,-,-,-,G,G
"2,233412864,1,C/A",C,M,C,M,-,-,C,C,C,C,-,C,C,C,-,C,-,-,C,C,M,C,C,C,-,C,-,C,C,C,M,C,C,-,C,M,C,C,M,C,C,C,C,C,C,C,C,-,C,M,C,C,C,-,-,C,C,C,-,-
"2,240630920,1,A/G",A,A,A,-,-,-,A,R,-,-,A,-,A,-,-,-,-,A,-,-,-,-,-,-,-,A,-,A,-,-,R,-,A,-,R,A,R,-,-,-,A,-,-,-,-,A,A,-,-,-,A,A,-,-,A,-,-,R,-,A
"2,240630930,1,A/G",A,-,A,-,-,-,A,R,-,-,A,-,A,-,-,-,R,A,-,-,G,-,-,-,-,A,-,A,R,-,R,-,A,-,-,A,R,-,R,-,A,-,-,-,-,A,A,-,-,-,A,-,-,-,A,-,-,R,-,A
"2,24899859,1,C/T",C,Y,-,-,C,-,-,-,-,-,-,-,-,-,-,-,-,-,-,C,-,-,-,-,-,Y,C,-,C,C,Y,-,-,-,-,-,Y,Y,Y,T,-,T,-,T,-,-,Y,C,Y,Y,-,-,-,C,Y,-,-,-,-,-
"2,24910802,1,G/C",G,S,-,-,C,-,-,-,-,-,-,-,-,S,-,-,-,-,-,-,-,-,-,-,-,S,-,-,C,-,-,-,-,-,-,-,S,S,-,G,-,-,-,-,C,-,-,S,-,-,-,S,-,C,S,-,-,-,-,-
"2,25323417,1,T/C",T,Y,T,-,-,-,T,-,-,C,C,-,-,-,-,-,-,-,-,T,C,-,-,-,Y,Y,C,C,T,Y,Y,Y,Y,Y,Y,-,Y,Y,-,C,-,C,-,Y,-,-,Y,Y,-,-,C,Y,-,T,-,Y,-,-,-,Y
"2,26604149,1,A/G",A,R,-,G,G,-,-,G,-,-,-,R,R,R,-,-,-,-,A,G,-,-,-,R,-,R,A,R,-,G,R,-,R,R,R,R,R,-,-,G,-,-,-,R,-,-,R,-,-,R,G,-,-,A,-,R,-,R,G,-
"2,38941536,1,T/G",T,K,-,K,-,-,-,K,-,-,K,-,K,-,-,-,-,-,-,-,-,-,-,K,-,-,-,-,-,-,-,K,-,-,-,-,-,K,-,-,-,-,-,-,-,-,-,-,K,K,-,K,-,K,-,-,-,-,-,-
"2,46059429,1,A/G",A,R,-,-,-,-,-,-,-,-,-,-,-,-,-,-,-,-,-,-,-,-,-,-,G,-,-,R,-,-,-,-,R,-,-,A,-,-,-,-,-,-,-,-,-,-,-,-,-,R,-,-,-,-,-,A,-,-,A,-
"2,56002979,1,G/C",G,S,-,S,-,-,-,-,-,G,-,-,-,-,G,-,G,-,S,-,-,-,S,S,S,S,-,S,G,S,S,S,-,G,S,S,S,S,-,-,-,-,-,S,-,C,S,S,S,S,S,C,-,S,-,-,-,S,-,C
"2,71503474,1,G/A",G,R,-,A,-,-,R,-,-,-,G,A,R,G,R,-,A,G,R,-,-,-,R,-,A,-,-,R,-,-,-,R,-,-,-,R,R,-,R,-,-,-,-,-,-,-,-,-,R,-,A,A,-,-,-,R,R,R,R,-
"2,85424360,1,C/T",C,Y,-,-,-,C,-,-,C,-,C,-,C,C,-,-,C,-,C,-,C,-,C,-,C,C,-,Y,Y,C,Y,C,-,C,C,Y,C,C,Y,C,C,C,-,C,Y,Y,-,-,Y,C,C,-,C,C,-,-,Y,Y,C,C
"2,85424453,1,C/G",C,S,-,S,-,S,-,-,C,-,C,-,C,C,-,-,-,-,C,-,C,C,C,-,C,C,C,-,S,-,C,-,-,C,C,S,C,C,S,C,C,-,-,C,-,S,-,-,S,C,C,C,-,C,-,C,S,S,C,C
"2,87864876,1,T/C",T,Y,-,Y,-,T,-,-,-,-,-,T,-,-,-,T,-,-,T,-,-,-,T,-,-,T,T,-,-,Y,T,-,-,-,Y,-,-,-,T,-,T,-,-,-,T,-,T,Y,-,T,-,-,-,-,-,T,T,-,-,Y
"2,96826822,1,C/T",C,Y,-,-,Y,C,-,T,-,Y,-,Y,Y,-,C,-,-,-,-,-,T,-,-,-,Y,T,Y,Y,-,-,Y,-,-,-,Y,C,T,Y,C,-,Y,-,-,Y,T,-,Y,C,-,-,Y,T,T,T,-,-,-,Y,-,Y
"2,96857604,1,C/T",C,Y,Y,-,T,-,Y,T,-,C,C,-,T,-,Y,Y,C,-,-,-,T,Y,-,C,Y,T,-,-,-,T,Y,-,Y,-,-,Y,Y,Y,Y,C,-,-,-,Y,-,-,-,Y,Y,T,Y,Y,-,T,-,-,T,C,T,-
"20,13022243,1,T/A",T,-,-,-,-,-,-,-,-,-,-,-,W,-,-,-,W,-,-,-,W,-,W,-,-,-,-,W,A,-,-,-,W,-,-,-,W,-,-,-,W,-,-,-,A,-,-,W,-,-,-,-,-,-,-,-,-,W,-,W
"20,13730409,1,A/G",A,R,-,R,-,R,-,A,-,G,R,-,R,R,-,-,-,-,-,-,-,-,-,-,-,A,R,-,R,-,-,-,R,-,R,R,G,A,R,G,-,-,-,-,-,-,-,G,-,-,G,-,G,-,-,-,R,-,-,-
"20,1844100,1,T/C",T,-,Y,C,Y,C,-,-,-,-,-,C,C,T,Y,Y,Y,-,-,-,-,Y,C,Y,-,C,C,Y,Y,C,Y,Y,Y,Y,Y,Y,Y,-,-,C,-,-,Y,C,-,C,Y,Y,C,Y,Y,C,Y,-,C,T,C,Y,-,-
"20,19621865,1,T/A",T,T,-,-,-,-,-,T,-,T,T,T,T,-,-,-,T,-,T,-,-,-,-,T,-,T,T,T,-,-,-,T,-,-,T,T,T,-,-,-,-,-,-,-,-,-,W,-,W,-,W,T,-,-,W,-,W,W,-,W
"20,30216631,1,A/G",A,R,A,A,-,-,-,R,A,-,A,-,G,-,A,-,-,A,-,-,G,-,-,-,A,-,-,-,-,-,-,A,R,-,R,-,-,-,A,-,-,-,-,R,R,-,R,G,R,G,R,R,-,A,-,-,-,-,-,R
"20,3157357,1,T/C",T,Y,-,Y,Y,-,T,-,-,C,Y,-,-,T,T,-,-,-,-,-,-,-,-,-,-,-,-,-,-,-,-,C,-,-,-,-,-,T,-,-,-,-,-,Y,-,-,-,-,Y,C,Y,-,-,T,C,-,-,-,-,-
"20,36210055,1,G/C",G,S,C,S,C,C,G,-,C,G,C,-,G,G,-,C,C,-,-,C,-,-,-,-,C,C,S,S,-,-,S,S,S,-,-,S,-,-,-,S,G,S,-,S,S,-,S,-,-,-,C,G,-,C,-,G,C,S,C,S
"20,39613195,1,A/G",A,R,-,-,-,-,-,-,-,-,-,-,-,A,-,-,-,-,A,-,-,-,R,-,-,-,-,-,A,-,-,-,-,-,R,-,-,-,-,-,-,-,-,-,-,-,-,-,G,-,-,G,A,-,-,-,-,-,-,-
"20,39613323,1,G/A",G,R,-,G,-,R,-,A,-,-,-,-,-,G,-,-,-,-,G,-,A,-,R,R,R,-,-,R,R,-,-,-,R,-,-,-,R,R,R,-,-,-,-,R,-,-,R,-,A,-,G,R,G,-,-,-,G,-,R,-
"20,39613334,1,C/T",C,Y,-,C,-,Y,-,T,Y,-,Y,-,-,C,-,-,-,-,C,-,T,-,Y,Y,Y,C,-,Y,Y,-,-,-,Y,-,Y,-,Y,Y,-,-,-,-,-,Y,-,Y,Y,-,T,-,-,Y,C,-,-,C,C,-,Y,Y
"20,4115234,1,T/C",T,Y,-,Y,-,-,-,-,-,-,-,-,-,-,-,T,-,C,T,-,-,-,-,-,C,T,-,C,-,-,-,-,-,-,-,-,-,-,-,T,-,-,-,T,-,-,-,-,-,Y,Y,-,-,-,-,-,-,-,-,-
"20,41636856,1,G/A",G,R,-,R,-,-,-,-,-,-,G,-,R,-,-,A,-,-,R,-,G,-,-,-,-,R,-,-,-,-,-,R,-,-,-,R,-,-,-,A,A,-,R,-,A,-,-,-,-,R,-,-,-,-,-,R,-,-,-,R
"20,43948966,1,G/A",G,R,-,R,-,-,-,A,R,G,-,R,G,-,-,-,-,-,R,-,A,-,-,-,-,R,-,R,R,A,G,R,R,R,-,G,-,-,-,-,R,-,-,R,G,-,R,-,G,-,R,-,-,-,A,R,A,R,G,A
"20,44007123,1,A/G",A,R,A,-,A,R,R,R,R,-,R,R,R,-,-,-,-,-,-,-,-,R,-,-,R,G,R,R,-,-,R,-,R,A,R,R,R,A,R,-,R,-,G,-,R,-,R,R,-,R,R,A,-,-,A,-,-,-,R,A
"20,4724320,1,T/C",T,-,-,Y,-,-,-,-,-,-,-,-,-,-,-,-,-,Y,-,-,-,-,-,-,-,Y,-,Y,-,-,-,-,-,-,-,-,-,T,-,-,-,-,Y,-,-,Y,-,-,-,-,T,-,-,-,C,T,-,-,-,-
"20,4724367,1,G/T",G,K,-,K,-,-,K,-,-,K,K,-,-,-,-,-,-,K,-,T,-,-,-,-,-,K,-,K,-,-,-,-,-,-,K,-,-,-,-,G,K,-,K,K,-,-,K,K,K,-,G,T,-,-,T,G,-,K,-,K
"20,47692441,1,G/A",G,-,-,-,R,R,G,-,G,-,R,A,R,-,R,A,-,-,A,A,A,G,R,R,R,A,-,R,-,R,R,-,R,R,R,-,-,R,A,G,R,G,-,R,-,-,R,R,R,G,R,R,-,R,-,G,A,R,R,A
"20,60145165,1,T/C",T,Y,T,-,-,-,T,-,-,-,Y,-,-,-,Y,Y,T,-,-,C,-,-,-,C,-,-,-,Y,T,-,Y,-,Y,T,Y,Y,-,-,-,-,-,Y,-,Y,-,C,Y,T,C,Y,-,-,T,C,-,T,T,-,T,T
"20,60403518,1,A/G",A,R,-,R,-,-,-,-,-,-,-,-,-,-,G,-,-,-,-,-,-,-,R,-,-,-,-,-,-,G,-,-,-,-,-,-,-,-,R,-,-,A,-,-,-,-,G,-,-,-,-,-,-,-,-,-,-,-,-,-
"20,61064938,1,G/A",G,-,-,R,-,-,-,R,-,-,-,-,-,-,A,R,-,A,-,-,-,-,A,-,G,R,-,-,-,-,-,-,G,-,-,-,-,R,A,-,-,-,-,R,A,A,R,-,R,R,G,A,-,A,-,-,A,-,-,R
"20,61069019,1,T/C",T,Y,-,Y,-,-,-,Y,-,Y,-,-,-,T,C,-,-,-,-,-,-,-,C,-,Y,Y,-,Y,C,-,-,-,Y,-,-,C,T,Y,C,-,Y,C,-,-,Y,C,Y,Y,Y,-,T,C,-,-,C,-,C,Y,-,Y
"20,61069344,1,G/A",G,-,-,R,-,-,-,R,-,R,-,-,-,G,A,-,-,-,-,-,G,-,A,-,R,R,-,R,A,-,-,-,G,-,R,-,G,R,-,-,R,A,-,-,R,A,R,A,R,-,G,-,-,A,-,-,A,R,R,R
"20,61667744,1,G/A",G,R,-,A,-,-,G,-,-,-,-,-,-,-,-,-,-,-,-,-,-,-,-,-,-,R,-,-,-,-,-,-,-,-,-,-,-,-,-,-,-,-,-,R,-,-,-,A,G,A,-,-,-,-,-,-,-,-,-,-
"20,8587474,1,C/A",C,M,-,-,-,M,-,-,-,-,M,-,-,A,-,C,-,-,-,-,M,-,-,-,-,-,M,-,-,-,C,-,M,-,-,M,-,M,-,A,-,-,-,C,-,-,M,A,-,M,M,C,-,-,A,-,-,-,-,M
"21,14667761,1,G/A",G,R,-,R,-,-,-,-,-,A,-,-,-,-,-,-,A,-,-,-,-,-,-,-,G,-,-,-,-,-,-,-,-,-,-,R,R,-,-,R,-,-,-,-,-,-,-,-,-,-,R,-,-,-,-,-,-,R,-,-
"21,32994010,1,T/C",T,Y,C,-,Y,T,-,Y,-,-,-,-,C,-,C,T,-,-,Y,Y,-,-,Y,-,Y,-,-,T,-,-,Y,C,-,-,-,T,-,T,Y,-,-,-,Y,Y,-,-,-,-,T,-,-,-,-,-,-,-,-,Y,-,Y
"21,40064645,1,A/G",A,-,-,-,-,A,R,G,-,-,-,-,-,R,R,-,-,-,A,-,-,-,-,R,-,-,-,-,R,-,-,-,-,-,-,-,-,R,-,R,G,-,-,-,-,G,-,-,G,-,-,-,-,G,-,-,-,-,-,A
"21,42034874,1,A/G",A,R,R,-,G,-,G,-,-,A,R,-,A,G,A,-,A,-,-,-,-,-,-,G,-,A,R,-,-,-,R,R,A,-,A,G,G,G,A,-,-,R,-,-,-,-,-,-,G,R,-,R,-,R,-,-,G,R,R,-
"21,42678706,1,C/T",C,Y,-,-,-,-,-,-,-,C,C,-,-,-,T,T,-,-,-,Y,-,-,-,-,-,-,-,-,-,-,-,Y,C,-,-,Y,-,-,Y,Y,T,T,-,C,-,-,Y,-,-,-,-,-,C,-,C,-,Y,T,C,T
"21,44569410,1,C/G",C,S,-,-,-,C,-,-,-,S,-,-,C,-,-,S,-,-,-,G,-,-,-,G,S,S,S,G,S,C,S,S,S,-,S,-,S,S,C,-,C,-,-,S,G,C,-,-,S,-,C,C,S,S,G,C,-,-,G,-
"21,46438871,1,G/A",G,R,-,-,-,-,-,-,-,-,-,-,-,-,-,-,-,-,G,-,-,-,-,-,-,-,-,-,A,R,-,-,R,-,-,A,-,-,-,-,-,-,-,R,-,-,R,-,-,-,R,-,G,A,-,-,-,-,A,R
"21,46438897,1,C/A",C,M,-,M,-,M,-,C,-,-,-,-,-,M,-,-,-,-,C,-,-,-,-,-,M,-,-,-,-,M,-,-,-,-,-,-,-,-,-,-,A,-,-,M,-,-,-,-,-,-,M,-,C,-,-,A,-,-,A,M
"21,46501139,1,G/A",G,R,R,-,-,-,R,-,-,-,-,-,-,R,-,A,-,R,-,G,A,-,-,R,-,G,-,-,-,-,-,-,-,-,G,-,-,-,-,-,-,-,-,-,A,-,-,-,A,-,-,R,G,-,-,-,-,-,-,-
"22,18507554,1,A/G",A,R,-,R,A,-,-,G,-,-,-,-,-,-,G,-,-,-,-,G,-,-,-,G,-,-,-,-,-,R,R,-,-,G,R,-,-,-,-,-,-,-,-,-,-,-,-,-,-,-,-,-,R,-,-,-,-,-,A,-
"22,19114630,1,A/C",A,-,-,-,-,M,-,-,M,-,C,-,-,-,-,-,-,-,C,-,-,-,-,A,-,-,C,-,-,-,-,-,M,-,-,M,-,-,-,-,C,-,-,-,-,-,-,A,M,A,-,-,-,M,-,M,-,-,C,-
"22,19395171,1,G/C",G,-,-,G,G,G,G,-,S,S,G,G,G,-,G,S,-,G,-,G,S,S,-,G,G,S,G,G,-,G,G,G,S,G,G,G,S,S,G,G,S,G,S,S,G,-,G,G,S,G,-,G,S,S,G,G,-,-,G,G
"22,19674032,1,T/C",T,Y,-,C,-,-,C,-,-,-,-,-,-,-,-,-,-,-,-,-,-,-,-,-,-,Y,Y,Y,-,Y,Y,T,Y,C,-,-,-,-,-,-,-,-,-,C,C,-,C,-,C,-,Y,C,-,-,-,Y,-,-,T,T
"22,19674905,1,G/A",G,R,-,A,-,A,-,A,R,-,-,-,-,-,-,-,-,-,-,-,-,-,-,-,R,R,-,R,R,R,R,G,R,A,R,-,R,-,-,-,-,-,-,R,R,-,R,R,-,-,-,A,-,-,-,G,-,-,-,-
"22,19674920,1,C/G",C,S,-,G,-,G,S,G,S,-,S,-,-,-,-,-,-,-,-,-,-,-,-,-,S,-,S,S,S,S,S,C,S,G,S,-,S,-,-,-,-,-,-,S,S,-,S,S,-,S,S,G,-,-,-,C,-,-,C,S
"22,19676719,1,C/A",C,M,-,A,-,A,M,-,-,-,C,-,-,-,-,-,-,C,-,-,-,-,-,-,-,-,-,M,-,M,-,C,M,A,-,-,-,-,-,-,-,-,C,A,A,-,-,C,-,-,M,A,-,A,-,C,-,-,C,C
"22,19678914,1,T/C",T,Y,-,C,-,-,Y,C,-,-,-,-,-,-,-,-,-,-,-,-,-,-,-,-,-,Y,-,Y,-,Y,-,T,Y,C,Y,Y,-,-,-,-,-,-,-,C,Y,-,Y,-,C,Y,Y,C,-,-,-,T,-,-,-,-
"22,19685576,1,C/G",C,S,-,-,-,S,S,G,-,-,S,-,-,-,-,-,-,-,-,-,S,-,-,-,S,C,S,-,C,C,S,C,S,G,S,-,S,-,-,-,-,-,-,S,G,-,S,-,-,S,S,G,-,S,-,C,G,-,C,S
"22,20607307,1,C/T",C,-,-,-,-,-,-,-,C,-,-,-,-,-,-,-,-,T,-,-,Y,-,-,-,-,-,-,Y,-,Y,-,T,Y,-,-,-,-,-,C,-,-,-,-,-,-,-,-,-,-,-,-,-,-,-,-,-,-,-,Y,-
"22,22439462,1,T/C",T,-,-,-,-,-,-,-,T,-,-,-,-,-,-,-,-,-,-,-,-,-,-,-,T,T,-,Y,-,-,-,T,Y,-,-,-,Y,-,-,-,Y,-,-,-,-,-,-,Y,-,Y,T,T,T,-,-,-,-,-,-,-
"22,27769201,1,A/G",A,R,-,-,-,-,-,-,-,-,-,-,-,A,-,G,A,-,-,-,-,-,-,-,R,R,-,-,-,-,-,-,-,A,-,-,-,R,-,-,-,-,-,-,-,-,-,A,-,A,-,-,-,-,-,-,-,R,-,-
"22,28023640,1,G/A",G,R,-,R,-,-,-,A,A,-,-,-,G,-,G,G,A,-,-,-,-,-,-,G,-,R,-,R,R,-,G,G,-,G,-,G,A,A,R,G,-,-,R,R,-,-,R,A,R,-,R,A,-,R,-,G,A,-,-,A
"22,28034343,1,G/A",G,R,-,-,-,A,G,-,-,-,-,-,G,G,G,G,-,-,-,-,R,-,-,G,G,R,-,-,-,-,-,G,-,G,R,G,-,-,-,-,-,-,-,-,G,-,G,-,-,-,G,-,-,A,-,G,-,-,-,-
"22,29063914,1,A/C",A,-,-,-,-,C,-,-,-,A,-,-,-,C,M,C,-,-,-,M,M,-,-,A,-,-,-,-,-,-,C,-,M,-,-,M,-,-,-,-,-,-,-,-,-,-,-,-,M,-,M,M,A,-,C,-,C,-,C,-
"22,29153065,1,G/A",G,R,G,-,-,-,-,-,G,G,R,-,-,-,-,-,-,-,-,-,G,-,G,A,A,-,G,R,-,-,-,-,-,-,-,R,-,-,-,-,-,-,-,-,-,-,A,-,-,-,-,-,-,-,-,-,-,-,A,-
"22,34146154,1,A/G",A,R,-,-,-,-,-,-,G,-,-,-,-,G,-,-,-,A,-,-,-,-,-,-,-,-,R,-,-,R,R,A,-,-,-,-,-,R,-,G,-,-,-,-,-,-,-,-,-,G,R,-,G,-,A,-,-,-,-,-
"22,36355321,1,T/C",T,Y,-,-,-,-,T,-,-,-,-,Y,T,-,T,-,-,Y,C,T,T,-,T,-,-,Y,Y,-,-,-,-,T,-,-,Y,-,C,-,C,C,-,C,-,-,-,-,-,-,Y,-,C,-,-,-,-,Y,Y,-,-,-
"22,36404289,1,C/T",C,Y,C,-,-,C,Y,-,C,-,-,-,-,-,Y,-,-,-,-,-,-,-,-,-,-,-,-,-,-,T,-,-,-,-,-,-,-,-,-,-,-,-,-,-,-,-,-,-,C,-,Y,-,-,-,-,-,-,-,-,-
"22,36416520,1,T/C",T,-,Y,-,Y,Y,-,-,-,-,-,-,-,-,-,-,-,-,-,T,-,-,-,-,C,Y,-,Y,-,C,-,-,-,-,-,C,-,-,-,-,-,-,C,-,C,-,-,-,T,-,-,-,-,-,T,-,-,Y,-,-
"22,37456454,1,A/G",A,R,R,A,A,-,R,G,-,A,R,R,A,A,A,-,-,-,-,-,A,-,-,-,-,A,A,-,-,G,A,A,-,R,-,-,-,R,-,-,-,-,A,G,-,-,-,A,R,A,-,R,A,R,-,-,-,-,-,-
"22,39552553,1,G/A",G,-,G,G,R,R,-,G,G,R,-,-,R,-,-,-,R,G,R,R,-,G,G,R,-,R,-,-,-,G,R,-,R,-,R,R,R,R,R,-,G,R,-,G,-,G,R,G,R,G,R,R,R,G,R,R,R,G,-,R
"22,39552596,1,A/G",A,A,A,A,-,R,-,A,A,A,-,A,-,-,-,-,-,A,R,A,-,A,A,R,R,-,A,A,A,A,-,-,A,-,R,R,-,-,A,A,-,-,-,-,-,A,-,A,R,A,A,-,R,A,-,R,R,A,A,-
"22,39982291,1,C/G",C,S,S,S,-,S,C,-,-,-,S,-,-,-,S,C,-,-,G,S,C,G,-,S,S,-,S,S,-,-,S,G,S,-,-,G,-,S,C,-,G,-,-,S,S,S,S,-,S,C,-,S,S,S,S,C,-,S,S,S
"22,39983694,1,G/A",G,R,-,-,-,-,G,-,R,-,-,-,-,-,R,R,-,-,-,-,G,-,-,-,-,-,-,-,-,-,-,-,-,-,G,A,-,-,-,-,-,-,-,-,-,-,-,-,-,-,-,-,-,-,-,-,-,-,-,-
"22,40803549,1,C/T",C,Y,-,Y,-,Y,-,-,Y,-,Y,-,C,-,Y,-,-,-,T,-,C,C,C,-,Y,C,Y,Y,-,C,Y,Y,Y,-,Y,-,-,T,Y,T,-,T,-,Y,-,-,Y,-,-,Y,Y,-,-,C,-,-,Y,-,-,-
"22,41227497,1,G/C",G,G,-,G,-,S,S,-,G,G,-,-,-,-,G,C,-,-,-,-,C,-,G,-,G,-,G,G,-,G,-,-,G,-,G,-,G,-,G,-,S,-,-,G,-,G,-,-,-,G,-,G,-,-,G,-,-,S,G,-
"22,41240602,1,G/A",G,G,G,R,-,R,-,-,R,G,R,G,R,R,R,G,-,-,-,R,-,G,G,R,-,G,G,G,G,G,R,G,R,R,G,-,R,-,R,-,G,-,-,R,G,R,-,R,G,G,G,R,G,-,G,-,G,G,R,G
"22,41240704,1,A/G",A,A,A,R,-,-,A,-,R,A,-,A,R,A,R,A,-,A,-,A,A,A,A,-,A,A,A,A,A,A,A,A,-,A,A,-,-,-,A,-,A,-,-,R,A,R,A,-,A,A,A,A,A,-,A,A,A,A,A,A
"22,42567338,1,A/G",A,R,-,-,-,-,-,-,G,-,-,-,-,-,-,-,-,-,A,-,-,-,-,R,A,-,-,G,-,-,-,-,-,-,R,-,-,-,-,-,-,-,-,-,G,-,-,-,-,G,-,R,-,G,-,-,-,G,-,-
"22,42617145,1,T/C",T,Y,-,Y,-,-,-,-,T,T,-,-,Y,T,C,-,-,-,C,-,-,T,C,-,Y,Y,T,-,T,-,-,Y,Y,-,Y,-,Y,-,-,C,-,C,-,T,-,T,-,-,T,-,T,-,-,C,C,-,Y,Y,T,-
"22,48894476,1,C/T",C,Y,-,Y,-,-,-,-,-,-,-,-,-,Y,-,-,-,C,-,-,-,-,Y,Y,Y,-,-,-,-,Y,-,-,-,-,Y,-,-,-,-,-,-,-,-,-,-,Y,-,-,Y,-,C,C,-,-,-,-,-,-,-,-
"22,48895641,1,A/T",A,W,W,-,-,-,-,A,-,-,-,T,-,W,-,-,-,A,W,-,-,-,A,W,W,-,-,A,-,W,-,W,-,-,W,W,W,-,-,-,-,-,-,W,T,W,-,A,W,-,-,A,-,-,T,-,-,T,-,-
"22,49031554,1,A/G",A,R,-,-,-,-,-,-,-,-,-,-,-,-,-,-,-,-,-,-,-,-,-,-,-,R,R,-,-,-,-,R,A,-,-,-,A,-,-,-,-,-,-,G,-,-,-,-,-,-,A,G,-,R,-,-,-,-,G,-
"22,49058294,1,A/G",A,R,A,R,-,-,-,-,-,-,A,-,-,-,-,-,-,-,-,-,-,-,-,-,R,-,-,-,-,R,-,R,R,R,-,R,G,-,-,-,A,-,-,-,-,-,G,-,A,-,-,R,A,-,-,-,-,-,G,-
"22,49248125,1,C/G",C,S,C,S,C,-,S,G,G,G,-,-,-,G,-,-,-,-,C,S,G,-,-,G,C,S,G,S,-,S,S,-,S,-,S,C,-,S,-,-,S,-,-,S,-,G,S,-,-,S,C,G,G,-,-,-,-,S,-,-
"3,10063223,1,T/G",T,-,-,T,-,-,K,-,T,T,T,-,T,T,T,-,T,-,-,T,-,T,K,-,T,T,T,T,-,K,-,T,T,-,-,-,-,-,T,-,-,-,-,T,-,K,-,T,T,-,T,-,T,T,T,-,K,T,-,K
"3,125868051,1,A/G",A,R,G,R,G,R,-,-,-,R,R,R,R,R,-,R,G,-,G,-,-,-,G,-,R,R,R,R,R,R,-,-,R,R,R,A,-,R,R,-,G,R,-,R,-,A,-,-,-,-,-,R,R,-,-,R,G,R,R,A
"3,125873412,1,G/A",G,-,A,R,A,R,-,-,-,R,R,-,R,A,-,R,A,-,A,A,R,-,-,R,G,R,R,R,R,-,-,A,R,R,G,G,-,R,R,-,R,-,-,R,-,G,G,-,-,A,-,R,G,G,A,R,A,R,R,G
"3,125880802,1,T/C",T,Y,C,-,-,-,-,-,-,-,Y,-,-,-,-,C,C,-,-,-,-,-,-,-,-,-,-,-,-,-,-,-,Y,-,-,-,-,-,-,-,Y,-,-,-,-,T,-,-,-,-,-,-,-,Y,-,-,-,-,-,-
"3,127134304,1,C/T",C,Y,-,-,-,-,-,-,-,-,-,-,-,-,-,C,Y,-,Y,-,C,-,-,C,-,Y,C,-,-,Y,Y,Y,C,-,-,C,-,C,-,-,Y,-,-,Y,-,Y,-,-,C,-,T,C,-,Y,-,C,C,C,Y,Y
"3,129543422,1,G/C",G,S,C,S,C,G,C,-,-,G,G,-,S,-,S,-,G,S,C,-,S,-,-,S,S,S,S,S,C,S,S,S,-,-,G,C,-,-,G,C,S,C,S,S,-,-,G,G,G,-,S,C,C,-,-,-,C,S,G,-
"3,130341892,1,C/G",C,S,-,C,-,-,-,-,-,-,-,-,S,-,S,-,-,S,S,-,S,-,S,S,-,S,-,-,-,-,-,C,-,-,S,S,-,C,-,-,S,S,-,S,S,-,-,S,S,-,S,-,S,S,-,-,S,-,S,-
"3,13356539,1,T/C",T,-,C,-,C,Y,-,-,-,Y,-,Y,-,-,-,-,C,-,-,-,Y,-,C,-,-,Y,-,-,-,Y,C,Y,Y,Y,Y,Y,Y,Y,-,T,-,-,-,Y,-,-,Y,C,T,-,Y,-,T,-,-,-,-,-,Y,-
"3,150570430,1,G/C",G,S,S,-,S,-,G,-,-,-,-,S,-,-,-,S,-,C,-,-,S,-,S,C,G,S,-,-,-,-,S,G,S,S,S,G,C,C,S,S,S,C,-,S,-,-,S,-,-,S,S,S,-,-,S,-,-,S,-,S
"3,152529294,1,G/T",G,K,-,-,-,G,T,K,G,-,K,-,K,K,-,-,K,-,K,-,K,-,K,-,K,-,K,K,T,T,K,T,K,K,K,K,G,-,T,-,K,G,K,K,K,K,-,T,K,T,-,K,-,-,-,-,-,-,G,K
"3,166179776,1,G/A",G,R,R,-,R,-,-,G,-,-,-,-,-,-,-,-,R,G,-,-,R,-,-,-,-,A,-,R,R,R,A,-,R,-,R,R,-,R,-,R,-,R,-,R,-,-,-,-,R,-,R,G,-,R,G,-,-,A,R,-
"3,166216415,1,A/G",A,R,R,-,-,-,-,-,-,-,-,-,-,-,-,R,R,-,-,-,-,-,-,-,-,-,-,-,A,-,R,-,-,-,R,G,-,-,-,-,-,-,-,-,-,-,-,-,R,R,-,-,-,-,G,-,R,R,-,-
"3,185379335,1,T/C",T,Y,T,T,T,-,Y,Y,-,-,-,-,-,-,-,Y,-,-,T,T,Y,-,T,-,C,-,T,-,-,T,Y,Y,C,Y,Y,-,-,Y,Y,T,-,T,-,-,Y,-,-,-,-,-,Y,-,T,-,-,-,T,Y,C,T
"3,185581341,1,C/T",C,Y,-,-,-,-,-,-,-,-,-,-,-,Y,-,-,-,-,-,-,-,-,-,-,C,Y,-,-,-,-,-,-,-,-,-,Y,-,-,-,-,-,Y,-,-,-,-,-,-,-,T,T,Y,-,-,-,-,-,-,Y,Y
"3,194755111,1,G/A",G,R,-,A,-,-,-,-,-,A,-,R,R,-,-,-,-,-,R,-,-,-,A,R,A,-,-,R,R,R,-,-,-,A,G,-,-,R,R,R,R,R,-,-,-,A,-,-,-,-,-,A,-,-,-,R,-,-,-,R
"3,33389927,1,G/A",G,R,G,-,-,-,-,-,R,-,A,-,R,A,-,-,G,-,-,R,-,-,-,R,-,A,-,-,R,R,R,-,R,G,-,-,-,R,G,-,-,-,-,R,-,-,R,A,R,-,-,-,-,-,-,-,A,-,-,-
"3,38124213,1,T/C",T,Y,-,Y,-,Y,-,-,-,T,C,C,C,-,-,-,Y,-,-,Y,-,-,-,-,C,Y,Y,-,-,-,-,C,-,-,C,-,-,Y,-,-,-,-,-,C,C,T,Y,-,-,-,-,-,-,-,Y,-,T,C,-,-
"3,38330180,1,T/C",T,Y,-,Y,-,-,-,-,-,-,-,-,-,-,-,-,T,-,-,-,-,-,-,Y,-,Y,-,-,-,Y,-,-,Y,-,Y,Y,Y,-,-,-,Y,-,-,-,-,Y,-,-,Y,-,-,-,-,Y,-,T,-,Y,Y,Y
"3,40326488,1,T/C",T,Y,-,Y,-,-,T,Y,-,-,Y,Y,Y,-,Y,-,-,T,-,-,-,T,Y,C,T,Y,Y,-,-,Y,-,Y,Y,Y,-,Y,Y,C,-,C,Y,-,C,-,-,T,-,-,-,Y,-,C,-,-,T,C,-,Y,Y,-
"3,47426782,1,T/G",T,K,-,K,-,-,-,-,-,-,-,-,-,-,G,-,-,G,-,-,-,-,T,K,T,T,-,-,-,T,-,G,K,-,-,T,K,-,-,-,K,-,-,K,-,T,-,-,K,-,G,-,G,G,-,K,-,-,-,K
"3,48426306,1,G/C",G,-,S,G,G,S,-,-,S,G,S,G,S,S,G,G,G,-,-,-,-,-,-,G,-,S,G,G,-,-,G,S,G,G,S,G,G,G,G,G,-,G,-,G,-,-,G,-,G,-,G,-,-,G,-,S,-,-,G,-
"3,49698827,1,A/G",A,R,-,-,-,-,-,-,-,-,A,-,A,A,-,-,A,-,-,-,A,-,-,R,R,A,A,A,-,R,-,R,A,-,A,-,R,-,A,-,-,-,A,A,A,R,A,-,-,-,-,-,-,-,-,A,-,A,R,R
"3,50305991,1,T/C",T,Y,-,Y,-,C,-,-,-,-,-,T,C,-,-,-,C,T,-,-,T,-,T,-,-,Y,-,Y,-,C,-,Y,C,Y,Y,Y,C,-,C,-,Y,-,C,Y,-,-,Y,-,C,Y,Y,Y,C,-,-,-,-,Y,Y,C
"3,51964586,1,G/A",G,R,-,-,-,R,-,-,-,-,-,-,-,-,R,R,-,-,G,-,A,-,-,-,-,-,R,R,-,-,R,A,R,G,-,R,-,R,-,-,-,-,A,R,-,-,G,A,R,-,A,-,-,A,R,-,-,-,A,-
"3,52446982,1,A/G",A,R,G,A,-,A,A,-,-,-,-,-,-,-,-,-,-,-,-,-,-,-,-,-,-,-,-,-,-,-,-,R,-,-,R,-,R,-,-,-,-,-,-,-,-,-,-,-,-,-,-,A,-,A,-,-,-,-,-,-
"3,52528668,1,A/G",A,A,-,A,-,-,A,-,-,-,-,-,-,-,-,A,-,-,-,-,A,-,-,-,A,A,R,A,-,-,-,R,A,A,-,A,G,-,-,-,-,-,-,R,-,-,A,-,A,A,R,-,A,A,-,A,-,-,-,-
"3,62452273,1,C/A",C,M,-,-,-,M,-,-,-,-,-,-,-,-,-,-,M,-,-,-,-,-,-,-,-,M,-,-,-,-,-,-,-,M,-,-,-,-,-,-,-,-,C,-,-,-,-,-,M,-,-,-,-,-,M,-,-,M,-,-
"3,8650318,1,T/C",T,Y,-,C,-,-,T,-,-,T,-,-,-,-,-,-,Y,-,-,-,Y,-,-,-,-,-,-,-,-,Y,T,-,-,C,Y,-,-,C,-,-,-,-,-,-,-,C,-,C,-,Y,Y,-,C,-,-,-,-,-,-,-
"4,100694202,1,C/T",C,Y,-,-,-,-,-,C,Y,-,Y,-,-,-,-,-,-,-,-,T,-,-,T,Y,T,-,-,Y,Y,T,-,-,Y,-,-,-,-,Y,Y,-,Y,C,Y,Y,-,-,-,-,-,Y,Y,-,-,-,-,-,-,-,-,Y
"4,104046084,1,C/T",C,-,C,C,C,-,-,C,C,-,C,C,C,Y,C,-,C,-,-,Y,-,-,C,C,C,Y,-,C,Y,C,-,Y,Y,-,C,-,-,C,-,-,C,C,-,-,Y,C,-,-,-,-,-,-,-,-,C,Y,-,-,C,C
"4,104046100,1,C/T",C,Y,C,C,-,-,-,C,C,C,C,C,C,-,C,-,-,C,-,Y,-,Y,C,C,C,-,-,C,Y,C,C,-,C,-,C,-,-,C,C,-,C,C,C,C,Y,C,-,C,-,C,Y,-,-,-,C,Y,-,Y,C,C
"4,148676461,1,T/C",T,-,-,-,-,Y,-,-,-,-,-,T,T,T,T,-,-,-,-,-,T,-,T,Y,-,-,-,T,T,Y,T,Y,Y,Y,-,T,T,T,-,-,-,Y,-,-,T,-,T,T,T,T,T,-,-,Y,-,-,T,T,T,Y
"4,191118973,1,G/A",G,R,G,G,G,G,G,G,G,-,-,-,G,-,-,R,G,-,-,-,G,G,G,-,G,R,G,G,G,G,G,-,G,G,G,R,R,G,-,-,G,G,G,G,G,G,G,G,G,R,R,G,-,R,-,G,-,G,G,G
"4,191118997,1,T/G",T,K,T,T,T,T,T,T,T,-,T,T,T,-,-,K,T,-,-,T,-,T,-,-,T,K,T,-,T,-,-,T,T,-,T,-,K,-,-,-,T,-,T,-,-,T,-,T,T,-,T,K,-,T,-,-,-,-,K,-
"4,191119967,1,G/A",G,R,-,-,R,-,R,A,-,-,R,R,R,-,-,-,-,-,R,R,-,-,R,-,-,-,A,R,-,-,-,-,-,-,A,R,-,-,A,-,R,-,A,R,-,-,R,R,A,-,-,R,-,-,-,-,G,R,-,R
"4,39149181,1,T/C",T,Y,C,C,-,-,-,-,-,T,Y,Y,Y,Y,-,-,T,-,C,-,-,-,C,C,-,-,Y,-,C,-,-,-,Y,Y,-,-,-,-,-,-,-,T,-,Y,-,C,-,-,-,-,C,-,C,-,T,-,Y,C,-,-
"4,57035295,1,A/C",A,M,-,A,A,-,A,-,-,A,M,-,A,-,-,A,-,-,-,-,A,-,A,A,-,-,-,-,A,M,A,-,A,M,A,M,-,-,-,-,A,-,-,M,A,-,-,-,M,-,M,-,M,A,A,A,-,A,-,A
"4,5854737,1,C/T",C,C,C,C,C,-,-,-,C,C,C,-,-,C,C,-,-,-,C,Y,Y,C,-,C,Y,C,-,C,Y,-,-,Y,C,-,C,C,C,C,C,-,-,-,-,C,-,C,-,C,-,-,C,Y,-,C,C,-,-,Y,-,-
"4,69547255,1,A/T",A,W,-,-,-,-,-,-,-,-,-,-,W,-,-,-,-,-,-,-,-,-,-,-,W,T,-,-,-,-,T,-,-,-,-,-,-,-,-,-,W,T,W,-,-,T,-,-,W,-,-,W,-,A,-,-,T,-,-,W
"4,74569084,1,T/A",T,W,-,T,-,-,-,-,-,-,-,-,-,-,-,-,T,-,-,-,-,-,-,T,W,T,-,W,-,-,T,-,-,-,-,-,W,-,-,W,T,W,-,-,W,W,-,-,-,-,-,T,-,-,-,-,W,T,-,W
"4,79750405,1,T/G",T,K,-,-,-,K,-,-,-,-,-,K,K,K,-,-,T,-,-,-,-,-,-,-,-,K,-,-,-,-,-,-,T,-,K,-,T,K,T,-,-,-,-,-,-,-,-,-,-,T,-,T,-,-,K,-,-,K,-,-
"4,8671187,1,C/G",C,-,C,C,-,S,-,-,C,C,C,-,C,-,-,C,-,C,-,-,-,-,-,-,S,S,S,-,-,-,C,-,C,C,-,C,C,C,-,-,-,-,-,-,-,-,-,S,-,C,C,-,-,-,-,-,-,C,-,C
"4,88620640,1,G/A",G,R,-,-,-,-,A,R,-,-,-,G,R,-,A,R,A,G,-,R,-,-,A,-,-,A,-,R,R,-,R,-,R,-,R,G,-,G,-,A,G,-,-,R,G,-,R,-,A,-,-,R,-,-,G,-,-,-,G,R
"4,974870,1,G/C",G,S,-,C,G,-,-,-,-,-,-,-,-,C,-,-,-,-,-,-,-,-,-,-,-,C,-,-,-,-,-,-,S,-,-,-,-,-,-,-,-,-,-,-,-,-,-,-,-,-,S,-,-,-,-,-,-,-,-,-
"5,101659491,1,G/A",G,R,-,-,-,-,-,-,-,-,-,-,-,-,-,-,-,-,A,-,-,-,-,G,-,-,-,-,-,-,-,-,-,-,-,-,-,-,-,-,-,-,-,-,-,R,-,-,-,-,A,-,-,A,-,-,-,-,-,-
"5,115233728,1,A/T",A,W,-,-,-,A,-,A,-,-,-,A,-,A,A,A,W,-,A,W,-,A,-,-,-,A,-,-,A,W,-,-,A,A,A,-,-,W,-,-,-,A,A,-,A,-,A,A,-,A,A,A,-,A,A,-,-,-,-,A
"5,115656033,1,T/G",T,-,-,K,-,T,-,-,K,T,-,-,K,-,-,-,K,-,G,-,-,-,K,G,-,-,-,-,-,-,K,-,K,K,K,T,G,-,-,-,-,-,-,-,-,-,-,-,-,-,-,-,-,-,G,-,T,-,K,K
"5,118534584,1,G/A",G,R,A,-,-,A,-,-,-,-,A,-,G,G,R,-,R,-,A,-,R,-,G,-,-,-,-,R,R,-,R,-,R,-,R,G,G,R,-,G,R,-,-,-,-,A,-,-,-,-,G,-,-,G,R,-,R,-,G,A
"5,127699823,1,A/G",A,R,R,-,-,-,G,-,-,-,-,G,R,-,-,-,R,-,R,-,R,-,A,G,A,R,-,-,-,-,A,-,R,-,-,R,-,-,-,-,A,-,-,R,-,-,R,R,-,R,R,-,-,-,R,R,G,R,-,A
"5,13867682,1,T/C",T,Y,-,Y,-,-,-,-,-,-,T,Y,T,Y,-,-,-,-,-,-,Y,-,-,Y,Y,-,-,Y,Y,-,T,-,-,-,-,-,-,Y,-,C,-,C,-,-,-,-,Y,T,-,-,-,T,-,T,C,-,C,-,-,Y
"5,140543758,1,A/G",A,R,-,-,-,A,R,-,-,-,R,-,-,R,-,-,-,-,-,R,R,-,A,-,R,A,A,R,A,-,-,-,-,A,-,R,-,R,-,-,R,-,-,R,-,-,-,-,-,R,-,-,R,R,R,-,-,A,-,G
"5,140543800,1,G/A",G,R,-,G,-,G,R,-,-,-,G,G,R,R,-,-,-,-,-,-,-,-,G,-,-,G,-,-,G,-,G,-,-,-,-,-,-,R,-,-,R,-,-,-,-,G,-,-,-,-,R,-,R,-,-,-,-,G,-,A
"5,140585214,1,T/G",T,K,-,-,-,-,T,-,-,T,-,-,T,-,-,-,-,-,-,-,-,-,-,-,-,-,-,-,-,-,-,-,-,-,-,-,-,-,-,-,-,-,-,-,-,-,-,-,-,-,K,-,-,-,K,-,K,K,-,T
"5,141284498,1,A/T",A,W,-,-,-,W,T,-,-,-,T,-,T,-,-,-,W,-,-,W,T,-,-,A,-,W,-,A,T,-,-,-,-,-,-,-,W,A,W,-,W,-,-,W,-,T,-,-,W,A,-,W,-,-,-,-,-,T,W,W
"5,150009145,1,C/G",C,C,C,S,-,-,C,-,-,-,-,-,C,-,C,-,-,-,-,C,C,-,-,-,C,-,-,-,-,-,-,-,C,-,S,C,C,S,-,-,-,C,-,C,-,-,C,-,-,-,-,-,C,-,-,C,S,-,-,S
"5,150613025,1,A/G",A,R,G,-,G,A,-,A,-,-,-,G,-,-,-,-,A,-,-,G,R,-,-,G,R,G,R,R,R,-,R,-,R,-,R,R,-,R,-,A,G,A,-,A,-,A,R,G,-,G,-,R,A,G,-,-,R,R,-,R
"5,161061492,1,T/C",T,Y,C,-,-,-,-,C,-,T,Y,-,-,-,-,Y,-,Y,T,-,-,-,-,-,-,-,-,-,-,-,-,-,-,T,-,-,Y,-,-,-,-,-,-,-,-,-,-,-,-,T,Y,Y,C,-,-,-,-,-,C,-
"5,16505961,1,A/C",A,M,M,-,-,-,-,-,-,C,-,-,-,-,-,-,-,-,-,A,-,-,-,-,-,-,-,-,M,-,-,M,-,-,-,-,-,C,-,-,-,-,-,-,-,-,-,M,-,-,-,-,C,-,-,-,-,-,-,M
"5,168132202,1,T/C",T,-,-,-,-,-,-,-,-,-,-,-,-,-,C,-,T,-,Y,-,-,-,-,-,-,Y,-,-,-,-,-,-,-,-,-,-,-,-,-,-,-,-,-,-,C,Y,-,C,-,C,-,-,-,-,-,Y,-,-,-,-
"5,169400791,1,A/T",A,-,-,W,-,W,T,-,-,T,-,W,-,-,T,-,A,T,-,-,W,-,W,A,-,W,W,W,-,W,W,-,-,T,W,-,W,W,-,T,W,T,-,W,-,A,W,-,W,A,W,W,-,-,-,-,A,-,W,T
"5,177507027,1,T/C",T,Y,-,-,Y,-,-,-,-,-,-,-,-,-,-,Y,-,Y,C,-,-,-,-,C,Y,-,-,-,-,-,-,C,Y,-,Y,-,-,Y,-,-,-,-,-,-,C,-,-,-,Y,Y,T,T,-,Y,C,T,-,-,C,-
"5,178220820,1,C/G",C,S,-,-,-,S,-,-,-,C,-,-,-,-,-,-,-,-,-,-,-,-,-,S,C,-,-,-,-,-,C,-,-,-,-,-,-,-,-,-,-,-,-,S,-,C,-,-,C,C,-,-,-,-,-,-,S,-,-,-
"5,178567289,1,T/C",T,Y,-,-,-,-,-,-,-,T,-,Y,-,-,-,-,-,-,-,-,-,-,-,-,-,-,-,-,-,Y,-,C,Y,-,Y,-,-,T,-,-,-,-,-,Y,Y,C,-,-,-,-,-,Y,T,Y,-,T,-,-,C,-
"5,178968863,1,C/T",C,Y,Y,Y,-,C,C,Y,-,-,T,Y,-,T,-,-,-,T,Y,-,C,Y,-,-,-,Y,T,Y,Y,-,Y,C,Y,T,Y,Y,Y,-,-,-,-,-,-,-,Y,-,T,-,Y,-,Y,Y,T,-,T,-,Y,Y,-,Y
"5,178969214,1,T/A",T,W,T,W,-,-,T,-,-,-,A,A,-,-,-,-,-,A,W,-,W,-,-,-,W,A,A,-,W,-,T,-,-,A,-,W,W,-,T,-,-,-,-,-,-,-,-,-,W,-,-,-,-,-,-,-,T,W,-,-
"5,180596417,1,T/C",T,Y,-,T,-,-,-,-,-,-,-,-,-,-,-,-,Y,-,-,-,T,-,T,-,Y,Y,-,-,-,-,-,-,-,-,-,-,-,-,-,-,-,-,-,-,-,-,-,-,Y,Y,-,-,-,-,-,-,T,T,C,-
"5,33999491,1,C/A",C,C,C,-,-,C,-,-,-,C,-,-,M,C,-,-,-,M,-,-,C,-,C,M,-,C,-,C,-,-,C,-,-,-,C,-,C,-,-,-,-,C,-,-,-,-,C,-,C,-,M,C,C,-,-,-,-,-,-,M
"5,35680378,1,T/C",T,Y,Y,Y,Y,-,-,-,-,-,Y,-,Y,-,-,-,Y,Y,-,-,Y,-,Y,C,Y,-,-,T,Y,Y,Y,Y,Y,-,Y,-,-,T,Y,-,-,Y,-,Y,T,-,Y,Y,Y,-,Y,Y,-,-,-,-,-,Y,-,Y
"5,36307258,1,T/G",T,-,-,T,-,-,-,T,-,-,T,-,K,-,T,T,-,-,T,-,-,-,-,-,K,T,-,-,-,K,-,T,T,-,-,-,-,T,-,-,-,-,T,-,-,-,-,T,K,-,-,T,-,K,-,-,T,T,-,-
"5,65141378,1,A/G",A,R,-,G,-,G,-,G,-,-,G,R,-,-,-,-,-,A,G,-,-,-,R,R,A,-,R,R,-,G,R,R,-,-,R,R,-,R,-,-,-,-,-,A,-,-,-,-,R,-,-,-,-,-,-,-,G,R,A,R
"5,75972808,1,A/T",A,W,-,-,-,-,-,-,-,A,-,-,W,-,-,-,A,-,-,W,W,-,-,-,-,W,-,-,W,-,W,-,W,-,-,-,-,W,W,-,-,-,-,-,-,-,T,-,-,-,-,-,-,-,-,T,A,-,-,-
"5,75986463,1,A/G",A,-,-,G,-,A,-,-,-,-,R,G,R,-,R,-,G,-,A,R,-,-,G,-,-,-,R,R,R,-,R,-,R,-,-,R,R,R,R,-,-,G,-,R,-,-,R,G,R,-,-,-,-,-,R,-,-,-,A,R
"5,7914470,1,G/T",G,K,-,-,-,-,-,-,-,-,-,-,-,-,-,-,-,T,-,-,K,-,-,-,-,-,-,-,-,K,K,K,K,K,-,-,-,-,-,-,-,-,-,K,-,-,T,-,T,-,-,K,-,-,-,-,-,-,-,T
"6,111388274,1,T/G",T,-,-,T,-,T,T,-,-,T,-,T,K,K,T,G,T,T,-,-,-,T,K,K,-,-,T,T,-,T,K,-,K,-,-,K,T,K,T,-,-,-,-,K,T,K,T,-,K,T,T,T,-,-,-,T,-,T,T,T
"6,128603002,1,G/A",G,R,-,-,-,-,-,-,-,-,-,-,G,-,-,-,-,-,-,-,-,-,G,-,-,G,G,-,-,-,-,-,G,-,G,-,R,-,-,G,-,-,-,-,-,-,-,-,-,R,-,R,-,R,-,-,-,-,-,-
"6,131318166,1,A/G",A,A,-,A,A,A,R,-,A,-,A,A,-,A,A,A,A,A,-,A,A,-,-,-,A,A,-,-,A,R,A,A,R,-,A,A,R,A,R,-,A,A,-,R,-,-,A,A,-,-,R,-,-,R,-,-,-,-,-,-
"6,137367609,1,A/G",A,A,-,A,-,-,-,-,-,A,-,-,-,-,-,-,R,-,-,A,-,-,-,-,R,-,-,-,-,-,-,-,A,-,-,R,A,R,-,-,-,-,-,-,-,A,A,-,-,-,A,-,A,-,-,-,-,-,R,-
"6,148803296,1,C/A",C,M,-,-,-,-,-,-,-,-,M,M,-,M,-,-,-,-,-,-,-,M,C,M,M,-,A,M,-,-,M,-,M,-,-,-,M,A,-,-,-,-,-,M,-,A,M,A,M,-,C,M,A,-,-,-,A,M,M,A
"6,24526820,1,T/G",T,K,-,-,-,K,-,-,-,-,K,-,-,T,T,T,T,-,-,T,K,-,-,T,T,T,T,T,T,T,T,-,K,-,T,-,K,-,T,-,-,-,-,-,T,K,-,-,K,K,K,-,T,-,-,T,-,K,-,-
"6,24588274,1,T/C",T,Y,-,-,-,-,-,-,-,-,Y,C,-,-,-,-,T,T,-,C,-,-,-,T,-,C,-,-,Y,-,Y,-,-,Y,-,-,Y,-,Y,T,Y,Y,-,-,T,T,-,-,Y,T,-,-,-,T,-,Y,-,Y,Y,Y
"6,26153884,1,G/C",G,S,C,S,-,-,G,-,-,-,-,-,G,G,C,C,-,-,-,G,C,S,S,-,-,-,-,S,-,S,G,S,S,S,S,S,G,S,S,-,S,-,-,S,-,S,-,-,G,S,G,G,-,S,C,S,S,G,-,S
"6,27883824,1,A/C",A,A,A,-,-,M,-,-,-,-,-,-,-,-,-,-,-,-,-,-,-,-,-,A,M,M,-,-,A,-,-,A,-,-,-,-,A,-,-,-,A,-,-,A,-,A,A,-,-,A,-,M,-,-,-,-,-,-,M,-
"6,27890507,1,T/C",T,Y,Y,-,-,-,-,-,-,-,-,-,-,-,-,-,T,-,-,-,-,-,-,Y,Y,-,-,-,T,T,-,Y,Y,-,T,-,Y,-,-,-,-,-,-,-,-,T,-,-,-,T,Y,C,-,-,-,-,-,-,C,Y
"6,29904085,1,G/T",G,-,-,-,-,-,-,-,-,-,T,-,K,T,-,-,-,-,-,-,K,-,-,-,-,-,-,G,-,-,-,-,-,-,K,-,-,-,-,-,-,-,-,G,-,-,-,-,K,-,-,-,-,-,-,-,-,-,-,-
"6,29904094,1,A/C",A,M,-,-,-,-,-,-,-,-,-,-,M,C,-,-,-,-,-,-,-,-,-,-,-,-,A,A,-,M,A,-,-,-,M,-,-,-,-,-,-,-,-,A,-,-,A,-,-,-,-,-,-,-,-,-,-,M,-,-
"6,30020389,1,A/G",A,A,-,R,-,A,-,-,-,A,A,A,R,-,A,-,R,A,-,A,-,-,-,-,A,-,A,A,-,R,A,R,R,-,R,-,-,-,-,-,A,-,-,A,-,-,-,-,-,A,A,-,-,A,-,R,-,-,-,-
"6,30677468,1,C/T",C,Y,Y,Y,Y,-,Y,-,Y,C,Y,Y,Y,T,C,Y,-,-,C,Y,-,-,C,-,Y,-,T,Y,-,T,C,-,Y,-,-,-,Y,C,T,-,Y,-,-,C,C,Y,Y,C,C,-,Y,Y,T,-,-,-,T,Y,Y,-
"6,30718737,1,T/G",T,K,G,-,G,-,G,G,K,-,-,-,-,K,K,-,K,-,-,G,-,K,-,-,K,G,K,-,K,K,K,-,K,-,K,K,-,K,-,-,-,G,K,K,K,-,K,T,K,-,G,-,G,G,-,G,-,K,G,G
"6,30970419,1,A/G",A,R,G,R,R,A,R,-,R,-,-,-,R,R,A,R,-,-,-,R,-,-,-,A,R,-,R,R,-,R,-,R,R,R,A,R,-,R,R,-,A,-,G,R,-,R,R,R,-,-,-,-,R,G,-,R,-,R,A,A
"6,30998034,1,C/T",C,-,-,Y,-,-,T,-,-,-,-,-,-,-,-,T,-,-,T,C,-,-,-,-,C,Y,-,Y,-,Y,Y,Y,-,-,Y,Y,Y,Y,T,-,Y,-,-,-,-,Y,Y,-,Y,Y,Y,-,-,T,-,T,-,-,C,C
"6,31345584,1,G/A",G,R,G,-,G,G,R,-,-,-,-,R,-,-,-,R,R,-,R,-,-,-,-,-,A,R,R,G,R,-,R,-,G,-,G,-,-,R,-,-,-,-,G,R,A,-,-,G,-,-,G,R,-,-,G,-,-,-,R,G
"6,31347087,1,T/A",T,-,T,T,T,T,-,-,-,-,-,W,A,-,-,W,-,-,-,-,-,-,-,-,-,-,-,-,-,-,W,-,-,-,-,-,-,-,-,-,-,-,-,-,A,-,-,-,W,-,T,W,-,-,-,-,-,-,-,T
"6,31430814,1,C/T",C,-,C,C,C,C,Y,C,-,-,C,-,-,C,C,C,-,C,C,C,C,-,-,Y,-,Y,C,C,C,-,C,C,C,-,C,C,C,C,C,-,-,-,-,Y,-,C,-,C,Y,C,C,-,C,-,-,C,-,C,C,C
"6,31430845,1,C/T",C,-,C,C,C,C,Y,C,-,-,C,Y,-,C,C,C,-,C,C,C,C,-,-,Y,-,-,C,C,C,-,C,C,C,-,C,C,C,C,C,-,C,-,-,-,Y,C,-,C,Y,C,C,Y,C,-,-,C,-,C,C,C
"6,31430889,1,G/A",G,-,G,G,G,G,R,G,-,-,G,R,-,G,G,G,-,G,G,G,G,-,-,R,-,-,G,-,G,-,G,G,G,-,G,G,G,G,G,-,G,-,-,R,R,G,-,G,R,G,G,-,G,-,G,G,-,G,G,G
"6,31703466,1,G/A",G,R,-,-,-,A,A,G,-,-,-,G,-,-,-,A,-,-,-,G,-,-,-,-,-,-,-,R,R,R,-,A,R,A,-,-,-,R,R,-,-,-,-,-,-,A,-,A,-,A,R,R,G,R,A,A,-,G,G,R
"6,31952663,1,G/A",G,R,-,G,-,G,-,-,-,A,-,A,-,-,-,G,-,-,-,-,G,-,-,-,-,R,-,R,-,-,R,-,-,-,-,-,-,-,-,-,-,-,-,-,-,-,-,-,-,-,R,-,A,-,-,-,-,-,-,-
"6,32717987,1,C/A",C,C,-,-,-,C,-,-,C,M,C,C,C,C,C,-,-,-,C,-,C,-,-,C,C,C,C,C,C,C,C,C,C,C,C,C,C,C,-,C,C,C,C,C,C,M,C,M,C,-,C,M,-,-,A,-,C,C,C,-
"6,32737913,1,C/G",C,S,-,S,-,-,-,-,-,-,-,C,-,C,-,-,-,-,-,-,-,-,-,C,-,C,C,-,S,-,-,C,-,S,-,C,C,-,-,-,-,-,C,C,C,-,C,-,-,-,-,G,-,-,-,C,-,-,S,-
"6,33051959,1,A/T",A,A,-,A,A,A,A,-,-,A,-,W,A,-,A,A,-,W,A,A,A,-,-,-,A,W,A,A,-,A,-,-,A,A,A,A,A,A,-,A,-,W,A,A,-,A,A,A,-,A,-,A,A,A,W,A,-,A,A,A
"6,33145082,1,C/T",C,-,-,-,-,-,-,-,-,-,-,-,-,-,-,C,C,-,-,C,-,-,C,Y,-,T,-,-,Y,Y,C,-,-,-,C,-,-,-,-,-,C,T,-,-,C,Y,-,-,Y,C,-,Y,C,-,C,-,Y,-,-,C
"6,33145120,1,A/G",A,R,-,-,-,G,-,-,-,-,R,R,-,-,-,A,A,-,-,-,-,-,A,R,-,G,-,-,R,G,A,-,-,-,A,-,-,-,-,-,A,G,-,-,A,G,-,-,-,R,-,R,A,-,A,-,R,-,-,A
"6,33651387,1,A/C",A,M,-,M,-,-,M,M,-,A,-,-,-,-,-,-,-,-,-,M,-,C,-,-,M,-,M,M,C,M,M,M,M,C,M,M,-,-,M,-,M,C,-,M,-,M,M,M,-,M,M,-,-,A,A,-,C,M,-,-
"6,33746278,1,G/A",G,R,-,G,-,R,R,G,-,R,-,-,-,-,-,-,-,-,-,G,-,-,-,-,-,G,R,R,-,R,R,R,R,-,G,R,-,R,R,-,-,-,-,R,-,A,-,G,-,-,R,R,-,G,-,G,-,-,A,-
"6,34682465,1,C/A",C,C,C,C,C,C,C,-,-,C,C,C,M,C,C,M,M,-,-,M,-,-,C,-,C,C,-,C,-,C,C,-,C,-,C,C,C,C,C,-,C,-,-,C,-,C,C,C,C,C,-,C,C,-,C,C,-,M,C,C
"6,35863636,1,A/G",A,R,R,R,R,A,A,-,R,R,R,A,A,-,-,-,-,-,-,R,A,R,R,A,R,R,R,R,R,R,R,-,R,-,R,-,R,R,R,R,A,R,R,-,-,-,R,R,R,R,-,A,R,R,-,R,R,R,R,R
"6,37103200,1,A/G",A,R,-,R,-,-,-,-,G,A,G,-,R,G,-,R,-,G,-,R,A,G,R,R,-,A,-,-,A,R,R,R,R,R,R,R,-,R,R,G,R,-,-,R,R,R,R,-,-,R,G,R,-,G,-,G,R,A,R,R
"6,38758566,1,A/T",A,W,-,W,-,W,-,T,-,-,W,W,W,-,W,W,A,W,T,A,-,W,W,T,W,-,-,W,W,-,W,W,W,W,W,-,W,W,T,A,W,-,-,W,T,-,W,-,-,-,-,-,-,A,-,-,-,-,W,T
"6,3997166,1,C/A",C,M,-,M,-,-,-,-,-,-,A,-,M,-,-,-,-,M,-,-,-,-,-,-,C,-,-,-,-,-,M,C,M,-,-,-,-,-,M,-,-,C,-,C,M,C,-,-,-,M,-,C,-,-,-,C,-,M,-,M
"6,41861358,1,T/G",T,K,-,-,-,T,-,-,-,-,-,-,K,-,K,-,-,-,-,G,-,-,T,-,-,K,-,-,-,G,-,-,K,-,K,G,-,-,-,-,-,-,-,-,-,G,K,K,K,K,K,-,-,G,T,-,G,-,-,-
"6,44225585,1,T/C",T,Y,-,T,-,-,-,C,T,Y,-,Y,-,-,-,-,-,-,-,-,-,-,-,T,C,-,-,Y,-,Y,T,Y,-,Y,-,Y,-,Y,Y,-,-,T,-,Y,-,-,Y,C,Y,C,T,-,-,C,-,-,-,-,Y,C
"6,44225705,1,G/A",G,R,-,-,-,R,-,A,-,R,-,-,-,-,-,-,-,-,-,-,-,-,-,G,A,-,-,-,-,R,-,R,A,-,-,-,-,R,R,-,-,-,-,-,-,A,-,-,R,A,G,-,-,-,-,-,A,-,R,-
"6,46964222,1,G/A",G,R,A,-,A,R,-,-,-,R,-,R,R,A,A,-,R,-,G,-,R,-,R,A,G,R,A,R,R,-,A,G,R,-,A,R,-,R,A,R,-,R,-,-,R,A,R,G,A,-,-,G,-,G,-,R,R,R,-,R
"6,86443753,1,A/G",A,-,-,R,A,-,R,R,-,-,A,A,R,R,A,R,A,-,A,A,A,-,A,-,-,A,-,-,A,-,A,A,R,-,-,A,A,A,A,A,A,-,-,A,-,A,A,-,R,-,-,-,-,-,A,R,-,-,A,A
"6,89945162,1,T/C",T,-,-,Y,-,-,-,Y,-,-,T,-,T,-,-,-,-,-,-,-,-,-,-,Y,Y,-,Y,Y,Y,-,Y,C,-,-,Y,-,-,Y,Y,Y,C,Y,-,-,C,Y,-,-,Y,Y,Y,T,C,T,-,-,T,T,T,Y
"6,90585774,1,G/A",G,R,-,-,-,-,-,-,G,-,-,-,-,-,-,-,-,G,A,-,R,-,-,-,-,A,-,-,-,R,A,-,-,R,R,-,-,-,-,-,-,-,A,R,-,-,-,-,-,-,-,R,-,G,-,G,G,-,-,R
"7,120527461,1,C/G",C,S,-,-,-,-,-,-,-,-,-,-,-,-,-,-,S,-,S,-,G,-,G,-,-,S,-,S,-,-,S,-,-,-,-,S,-,-,G,-,-,-,-,-,-,S,S,-,-,G,-,S,-,C,-,-,-,C,-,-
"7,138390356,1,C/G",C,S,-,C,-,-,-,-,-,-,-,C,-,-,-,-,-,-,-,-,-,-,-,-,S,G,-,-,-,-,-,-,-,-,-,-,-,-,-,-,G,-,-,-,-,-,-,-,S,C,-,-,-,-,S,S,G,-,C,-
"7,143048016,1,T/C",T,Y,-,-,-,-,-,T,-,-,-,-,-,T,-,-,-,-,-,-,-,-,-,C,T,T,-,-,-,-,-,-,Y,T,-,-,-,-,-,-,-,-,-,T,-,Y,-,-,-,-,-,T,-,Y,-,-,-,-,-,-
"7,143690724,1,C/G",C,S,-,-,C,S,S,-,C,C,-,-,S,C,S,-,S,C,-,C,-,C,-,-,-,-,S,C,C,S,-,C,S,-,S,-,S,C,-,C,C,S,S,S,C,C,-,C,-,C,C,-,S,-,C,C,-,-,C,-
"7,150795281,1,A/G",A,R,R,R,G,R,-,-,-,-,-,-,G,-,A,G,R,-,A,-,-,-,G,R,R,R,-,R,G,G,R,-,-,R,R,R,-,G,A,A,-,A,-,-,-,A,R,-,R,G,R,-,R,-,R,R,R,G,-,R
"7,151563681,1,A/G",A,R,-,-,-,-,-,A,-,-,-,R,A,-,-,-,R,-,-,R,-,-,-,-,-,-,-,-,R,-,-,-,-,-,-,-,-,A,-,A,-,R,-,-,-,-,-,R,A,-,-,-,-,-,-,-,R,R,-,-
"7,151563856,1,G/A",G,-,-,G,G,R,G,G,-,G,G,-,-,R,-,-,R,R,R,G,-,-,G,G,-,G,-,G,R,G,G,G,G,G,G,-,G,G,R,G,G,G,G,G,-,G,G,G,G,G,G,G,-,G,R,G,G,-,G,-
"7,151563878,1,C/T",C,-,-,C,C,C,Y,-,-,C,-,C,-,C,C,C,Y,C,Y,Y,C,-,C,C,C,-,-,C,-,Y,Y,Y,-,C,Y,C,-,C,-,C,C,-,C,C,-,-,C,-,C,C,C,C,-,C,C,C,-,Y,-,-
"7,151563898,1,C/T",C,Y,-,C,C,C,Y,-,-,C,Y,C,-,C,C,C,Y,Y,Y,-,-,-,C,-,-,-,-,-,Y,Y,Y,Y,C,C,Y,-,Y,C,-,C,-,-,C,C,-,-,C,Y,C,-,C,C,C,C,C,C,Y,Y,-,-
"7,151563930,1,C/T",C,Y,C,-,C,Y,C,C,-,C,C,Y,C,-,Y,C,C,Y,Y,Y,-,-,-,C,-,C,C,C,Y,C,C,C,C,-,C,-,C,C,C,C,C,C,C,C,-,-,-,C,C,C,C,C,-,C,-,Y,C,-,-,-
"7,151593202,1,C/T",C,Y,C,C,-,Y,C,-,-,C,C,C,C,C,C,C,C,C,C,-,-,C,Y,-,C,C,C,C,C,C,C,C,C,C,Y,Y,C,C,-,C,Y,C,C,C,C,C,Y,C,C,C,C,Y,Y,C,C,Y,C,C,Y,-
"7,152128539,1,T/G",T,K,-,T,G,-,-,T,-,T,-,T,-,K,-,-,T,T,T,-,T,-,-,-,-,T,-,K,K,K,K,-,T,T,-,-,-,K,-,K,T,T,-,-,-,K,T,K,-,K,G,-,K,T,T,T,T,T,-,T
"7,152128589,1,T/C",T,Y,C,T,C,-,-,T,-,T,-,T,-,Y,-,-,T,T,T,-,T,-,T,Y,C,T,-,-,Y,Y,Y,-,T,T,-,Y,-,-,Y,-,T,-,-,Y,-,Y,T,Y,-,Y,-,-,Y,T,T,T,T,-,-,T
"7,152128713,1,T/C",T,-,-,T,Y,T,-,T,-,T,-,T,-,Y,-,-,T,-,T,-,T,-,T,Y,-,T,-,T,T,T,T,-,T,T,T,T,T,T,T,-,T,T,-,T,-,T,T,Y,-,Y,-,-,Y,T,T,T,T,T,-,T
"7,154506713,1,A/G",A,R,-,-,-,-,-,-,-,-,-,-,-,-,-,-,-,G,-,-,-,-,-,A,-,-,-,-,-,-,-,-,-,-,-,-,-,-,-,-,-,-,-,-,-,-,-,-,-,-,G,-,-,-,-,A,G,G,-,-
"7,20729171,1,G/T",G,-,K,-,K,G,K,-,-,-,G,G,-,-,T,-,T,-,-,T,-,-,-,-,K,-,-,-,K,-,-,-,K,-,K,K,-,K,G,-,G,-,-,K,G,-,K,K,G,-,K,-,-,K,T,-,-,-,-,G
"7,2257211,1,C/T",C,Y,-,-,-,-,-,-,-,Y,-,-,-,-,-,-,-,-,-,-,Y,-,-,-,-,-,-,-,-,-,-,-,-,-,-,-,-,-,Y,-,-,-,-,-,-,-,-,-,-,-,T,-,-,-,-,-,-,-,-,-
"7,26214537,1,G/A",G,G,-,-,-,-,-,-,-,G,-,G,-,-,-,-,-,-,-,-,R,-,R,-,G,G,G,G,G,-,-,R,G,G,G,-,-,-,-,-,-,-,G,-,-,G,R,-,G,R,G,R,-,-,G,R,-,G,G,G
"7,2932977,1,A/G",A,-,A,A,R,A,-,R,A,A,A,-,A,A,-,A,-,-,-,R,-,A,-,-,A,-,-,-,A,R,A,-,-,-,-,A,-,A,-,-,A,R,-,-,-,-,A,-,-,-,-,-,R,-,-,A,-,-,-,-
"7,33008715,1,T/C",T,-,-,Y,-,-,-,-,-,-,-,-,-,T,-,T,-,T,T,T,-,-,-,T,-,-,-,-,-,-,T,Y,-,-,-,-,-,-,Y,-,-,-,-,-,-,Y,T,T,Y,Y,-,-,-,-,Y,T,-,-,Y,T
"7,44679789,1,A/G",A,R,-,A,-,R,-,R,-,-,-,-,R,R,G,G,A,-,-,R,-,-,-,-,G,-,-,R,-,R,R,R,-,R,R,R,R,-,R,-,-,A,-,-,-,-,-,-,R,-,-,-,-,-,A,-,A,R,G,-
"7,56056220,1,G/T",G,-,G,-,G,G,G,-,K,K,-,K,-,G,G,-,K,-,-,-,-,-,G,G,K,-,K,-,G,K,K,G,K,-,G,-,G,G,K,K,G,-,G,K,-,K,G,K,G,G,K,K,G,-,K,G,-,K,G,-
"7,6408668,1,C/A",C,M,C,-,C,-,-,-,-,-,-,-,C,A,-,C,-,-,-,C,-,-,C,-,-,-,-,-,M,-,-,-,M,C,-,-,-,-,-,-,-,-,-,M,-,-,-,-,C,-,-,-,-,-,C,-,-,-,-,-
"7,6806900,1,G/T",G,K,T,K,-,K,-,-,-,-,-,-,T,-,-,-,-,-,-,-,-,-,-,-,-,T,-,-,-,-,-,-,-,-,-,-,-,-,-,-,-,-,-,-,-,-,-,-,-,-,-,-,-,T,T,K,-,-,-,-
"7,849355,1,G/T",G,K,-,K,G,G,-,G,G,G,G,-,K,-,-,G,-,-,-,-,G,-,-,-,-,K,K,K,-,K,K,-,K,K,-,K,-,-,-,G,-,G,-,-,G,G,K,-,G,K,K,-,-,-,K,-,-,-,-,-
"7,97331641,1,T/A",T,-,T,T,-,T,T,T,T,-,T,T,W,W,T,T,-,T,W,W,W,-,T,W,T,-,T,-,T,W,-,T,-,T,W,-,-,T,-,T,T,T,-,T,T,W,T,T,W,T,T,T,T,T,W,T,T,-,-,W
"7,97626700,1,C/T",C,Y,Y,-,Y,Y,-,-,-,C,Y,Y,Y,Y,C,-,C,C,-,T,-,-,Y,-,Y,Y,T,Y,Y,Y,-,Y,Y,-,Y,-,Y,Y,-,T,-,-,-,Y,-,-,-,-,Y,Y,Y,C,T,-,-,C,-,Y,-,Y
"7,98886368,1,T/C",T,-,Y,T,-,-,-,-,-,-,Y,-,T,T,Y,T,-,-,-,T,-,-,-,T,Y,-,Y,-,-,-,-,Y,T,Y,Y,C,Y,-,Y,C,T,-,-,-,-,C,-,-,T,C,T,T,-,T,-,T,T,Y,C,-
"7,991107,1,C/T",C,Y,-,T,-,Y,-,-,-,-,-,-,-,-,Y,-,-,-,-,-,C,-,-,T,-,-,-,T,-,T,C,Y,Y,-,Y,Y,Y,Y,Y,-,-,Y,C,C,-,-,Y,-,-,C,C,-,-,-,T,-,-,-,-,-
"7,99537372,1,A/G",A,R,-,G,-,-,-,-,-,R,-,-,-,G,-,-,A,-,A,-,-,G,A,-,-,-,-,G,-,R,R,A,R,-,-,R,-,-,R,A,R,A,-,R,-,-,-,-,R,-,R,R,-,G,-,R,-,A,R,R
"8,100356755,1,C/G",C,S,-,S,-,-,-,-,-,-,S,G,G,-,-,-,-,-,-,-,S,-,-,-,G,-,-,-,-,-,S,G,-,-,-,-,-,S,-,C,-,-,-,-,-,S,-,-,-,G,S,-,-,-,G,-,C,-,-,S
"8,101794503,1,C/T",C,T,T,T,Y,-,T,-,-,-,-,T,-,T,-,T,T,-,-,T,T,-,T,T,Y,-,-,T,-,T,T,T,T,T,T,-,-,Y,-,-,-,T,T,T,-,Y,-,-,T,Y,T,-,-,-,-,-,T,Y,-,T
"8,101796968,1,C/T",C,Y,C,C,Y,-,C,-,C,-,C,C,C,-,-,C,C,C,-,C,C,-,-,C,-,C,C,C,C,C,C,C,-,-,C,-,Y,C,C,C,C,-,-,C,-,C,-,-,C,-,C,C,-,C,-,-,C,Y,Y,-
"8,101796977,1,C/T",C,Y,C,C,Y,-,C,-,C,-,C,C,C,-,-,C,C,C,-,C,C,-,Y,C,-,C,C,C,C,C,C,C,-,C,C,-,C,C,C,C,C,-,-,C,-,C,-,C,C,Y,C,C,-,C,-,-,C,Y,-,C
"8,10621319,1,G/C",G,S,-,-,-,-,C,-,-,-,-,-,-,S,-,-,-,-,-,S,-,-,-,G,-,-,-,-,C,-,-,S,-,-,-,S,-,S,S,-,-,-,-,G,G,-,G,-,-,-,S,-,-,-,-,S,G,-,-,-
"8,10621622,1,C/T",C,Y,-,Y,-,C,T,T,Y,-,-,-,-,Y,Y,T,Y,-,-,Y,-,Y,C,-,-,-,C,Y,T,-,Y,Y,Y,-,-,Y,-,-,Y,-,-,T,-,-,C,-,-,-,C,T,Y,-,-,T,-,Y,C,-,Y,Y
"8,11227026,1,G/A",G,R,-,R,R,-,G,G,-,-,R,G,G,G,G,-,G,-,G,-,G,G,-,R,G,G,G,-,G,G,G,G,G,G,R,G,R,-,G,G,-,G,G,G,R,-,G,G,G,-,-,-,R,-,-,R,G,-,-,-
"8,11227055,1,G/C",G,S,S,S,S,-,G,G,-,-,S,G,G,G,G,-,G,-,G,-,G,G,-,S,-,G,G,S,G,G,G,G,-,G,S,G,S,-,G,G,-,G,-,G,S,-,G,G,G,-,-,-,S,-,-,S,G,-,-,-
"8,11227061,1,G/A",G,R,-,R,R,-,G,G,-,-,R,G,G,G,G,-,G,-,G,-,G,G,-,R,-,G,G,-,G,G,G,G,G,G,R,G,R,-,G,G,-,G,G,G,R,-,-,G,G,-,-,-,R,-,-,R,G,-,-,-
"8,121131060,1,A/G",A,R,A,R,A,R,A,R,-,A,R,R,A,-,-,R,R,A,G,G,-,A,A,-,R,R,R,R,R,A,G,-,R,R,G,-,R,R,-,-,R,G,R,-,-,-,R,-,-,-,A,A,-,R,A,-,G,A,A,-
"8,128819595,1,C/G",C,-,C,S,S,C,-,-,-,-,S,-,S,-,C,-,-,-,S,G,-,-,-,C,S,-,G,-,-,-,S,-,-,-,S,S,S,G,G,G,-,-,C,G,C,-,S,-,G,G,-,-,-,-,S,S,S,S,-,-
"8,131917997,1,C/T",C,Y,C,Y,C,-,C,Y,-,-,-,-,Y,C,-,-,-,-,-,-,-,-,-,-,Y,-,Y,-,-,-,-,Y,-,-,-,-,-,Y,-,-,Y,-,-,-,-,-,-,-,-,-,-,-,-,C,-,Y,-,-,-,-
"8,141652078,1,C/T",C,Y,-,Y,-,C,C,-,-,T,Y,-,-,-,Y,-,-,-,T,-,C,-,-,T,C,Y,Y,Y,C,Y,Y,Y,Y,Y,Y,Y,Y,T,Y,-,Y,Y,T,Y,-,-,Y,-,C,T,Y,T,C,Y,-,-,Y,Y,T,Y
"8,144449559,1,C/G",C,S,-,-,-,-,-,-,-,-,-,-,-,-,-,-,-,C,C,-,-,C,-,S,G,-,-,-,-,G,-,-,-,-,S,-,-,-,C,-,-,C,-,-,-,-,-,-,G,-,-,S,-,-,-,S,-,-,S,-
"8,144469566,1,A/G",A,R,-,R,-,-,-,A,-,-,-,-,-,-,-,-,-,A,G,G,R,-,-,R,-,R,-,R,-,G,-,G,G,-,A,-,-,-,-,-,R,-,R,-,R,-,-,-,R,G,-,-,-,-,-,G,R,-,A,-
"8,144691485,1,T/C",T,-,T,Y,T,-,-,C,-,-,-,-,-,-,-,T,-,C,-,C,-,-,-,T,C,-,Y,-,-,T,-,C,Y,Y,Y,C,-,-,Y,-,-,-,T,Y,-,-,-,T,-,-,-,-,T,-,-,T,-,-,Y,Y
"8,144692227,1,T/G",T,K,T,-,T,-,-,-,-,-,-,-,-,-,-,T,-,K,-,G,-,-,-,T,G,T,K,K,-,T,-,G,-,K,K,G,-,-,-,-,-,-,T,-,-,-,-,-,-,K,-,-,T,K,-,-,-,T,K,K
"8,144694717,1,C/T",C,Y,C,Y,C,-,-,-,-,-,-,-,-,-,-,C,-,Y,-,Y,-,-,-,C,-,C,-,-,-,-,-,T,Y,Y,-,T,-,C,Y,-,-,-,C,Y,-,-,-,C,-,Y,-,-,C,-,-,-,-,-,-,Y
"8,144742387,1,A/C",A,M,-,A,-,-,-,-,-,-,-,-,-,-,-,-,-,-,-,-,A,-,-,-,-,A,M,M,-,M,-,-,M,M,-,M,-,C,M,-,-,C,A,C,-,-,-,-,M,-,M,M,C,-,-,-,-,-,C,-
"8,144743065,1,A/G",A,R,-,A,-,-,-,-,-,G,-,-,-,-,G,-,-,-,-,G,A,G,-,A,-,R,A,R,A,-,A,G,R,R,R,R,R,G,R,G,R,G,A,R,-,-,-,-,R,R,R,-,G,-,-,R,-,R,-,R
"8,145078662,1,G/C",G,S,-,S,-,-,-,-,-,-,-,-,-,-,-,-,-,-,-,-,-,-,S,-,-,-,S,-,-,-,-,S,-,-,-,-,-,-,S,G,S,-,G,S,-,-,-,-,-,S,-,G,-,-,-,-,-,S,-,-
"8,145553647,1,T/C",T,Y,-,Y,-,-,-,-,-,-,-,-,-,-,-,T,-,-,-,-,-,-,-,C,-,Y,-,-,-,-,-,-,Y,C,Y,Y,-,T,Y,-,-,-,-,-,-,-,-,-,T,-,Y,-,-,-,-,-,-,-,C,-
"8,145613002,1,A/C",A,M,-,-,-,-,-,-,-,-,-,-,-,-,-,-,-,-,-,-,-,-,-,-,A,A,-,-,-,-,M,M,-,-,M,M,M,-,-,-,-,A,-,-,A,-,M,-,-,-,-,-,-,-,-,-,A,-,A,-
"8,145628326,1,C/T",C,Y,-,-,-,T,T,-,-,-,-,-,-,-,T,-,-,-,-,-,T,-,-,-,C,C,-,-,-,-,-,C,Y,-,-,Y,Y,-,-,-,-,-,-,-,C,-,-,-,T,Y,-,-,-,Y,-,T,C,-,C,-
"8,145628766,1,T/C",T,Y,-,Y,-,C,C,-,-,-,-,-,-,-,C,-,-,-,-,-,C,-,-,-,-,T,-,-,-,-,-,-,-,-,-,Y,Y,Y,T,-,-,-,-,-,T,-,Y,-,C,-,Y,-,-,-,-,C,T,-,T,-
"8,19234972,1,A/G",A,R,A,-,-,A,G,-,-,-,R,R,-,A,-,-,-,-,-,-,-,-,-,-,G,A,R,-,-,-,-,G,R,-,-,A,-,A,-,R,-,-,-,-,R,-,-,-,R,A,-,G,A,-,R,R,-,-,G,-
"8,24223218,1,G/A",G,R,-,-,-,-,-,-,-,-,-,-,-,R,-,-,R,G,-,-,-,R,-,-,G,G,-,-,R,-,-,R,-,-,-,-,-,R,G,-,-,-,-,-,-,-,G,R,G,R,G,G,-,G,-,G,-,R,R,R
"8,24223234,1,T/C",T,-,-,-,-,-,-,-,-,-,Y,-,-,Y,-,-,Y,-,-,-,C,Y,-,-,-,T,-,-,-,-,-,Y,-,-,-,-,-,Y,T,-,-,C,-,-,-,-,-,Y,-,Y,T,T,-,T,-,T,-,Y,Y,Y
"8,27311045,1,C/T",C,Y,Y,-,-,Y,-,C,Y,Y,Y,C,T,-,T,-,Y,-,T,C,Y,-,C,-,Y,C,C,-,-,C,Y,T,Y,T,-,T,Y,-,Y,-,-,-,-,T,-,C,-,-,-,Y,-,T,-,-,-,C,-,T,-,Y
"8,38765559,1,G/A",G,R,-,G,G,-,-,R,-,-,-,-,-,-,-,-,-,-,-,-,R,-,-,R,-,-,-,-,-,-,-,-,R,-,-,-,-,R,-,-,-,-,-,-,-,G,-,-,R,G,-,-,-,-,-,-,R,-,-,R
"8,38990482,1,G/T",G,K,G,G,K,-,-,T,-,T,-,-,-,-,-,-,-,-,-,-,-,-,-,-,-,-,-,-,-,-,-,-,-,-,-,T,-,-,-,-,-,-,-,-,-,-,-,-,G,-,-,-,K,-,G,-,-,K,-,-
"8,42164054,1,T/C",T,-,-,Y,-,Y,-,-,T,-,T,-,T,-,C,-,-,-,-,C,Y,-,Y,C,-,Y,-,Y,-,-,-,T,Y,C,Y,Y,Y,-,-,-,Y,-,-,-,T,-,Y,C,-,-,Y,C,T,T,-,-,C,-,Y,-
"8,48369246,1,G/T",G,K,-,G,-,G,G,-,-,-,G,-,G,-,-,-,-,G,-,G,-,-,-,G,K,-,-,K,G,-,-,-,K,-,-,-,G,-,-,-,-,-,K,G,G,K,-,-,-,G,G,G,-,-,G,G,-,K,-,G
"8,52895446,1,T/C",T,Y,T,T,T,T,-,-,-,T,-,T,T,-,-,-,Y,-,-,T,-,-,T,T,-,-,-,T,T,-,T,Y,-,-,-,-,T,Y,T,-,-,-,-,T,-,-,T,T,-,-,T,Y,T,-,T,Y,T,T,-,-
"8,59678310,1,A/G",A,R,G,R,-,R,R,-,-,-,R,-,-,R,-,-,R,G,A,A,R,-,-,-,-,-,-,R,-,R,R,-,R,-,R,R,-,R,A,G,-,G,G,R,-,A,-,-,-,-,-,R,A,A,R,G,G,A,-,R
"8,64110752,1,A/C",A,M,-,A,-,-,A,-,-,-,M,M,-,-,-,A,A,M,A,A,-,-,M,-,M,A,A,-,-,M,A,M,M,-,-,-,M,M,-,-,-,-,-,-,-,A,-,-,-,-,-,A,M,-,A,-,-,A,M,M
"8,82914846,1,A/G",A,R,-,-,-,G,A,G,-,-,-,-,-,G,-,-,-,A,A,-,R,-,-,R,R,-,-,-,G,-,G,R,R,G,R,R,R,R,-,A,-,-,G,-,-,G,R,-,-,R,R,-,A,-,G,-,G,R,A,R
"9,106639211,1,A/G",A,R,-,-,-,G,R,R,-,-,-,-,-,-,-,R,R,-,G,-,-,R,-,-,-,-,-,R,R,R,-,A,R,-,-,-,R,-,G,A,R,A,-,-,-,A,-,R,-,-,R,-,-,-,A,-,-,R,-,R
"9,116886271,1,G/A",G,R,-,G,-,R,G,-,-,-,R,A,A,A,-,A,A,-,A,-,-,G,-,-,A,-,-,-,-,A,-,R,R,-,R,-,R,-,-,-,-,G,-,R,-,-,-,-,-,-,G,R,-,-,-,-,-,-,-,-
"9,123134411,1,A/T",A,W,-,W,-,W,W,W,-,-,-,-,-,-,W,T,A,-,A,A,-,-,-,A,-,W,-,W,W,W,-,W,W,W,W,W,W,-,W,-,W,-,-,W,-,W,-,-,A,W,W,-,-,-,-,-,-,W,W,-
"9,126123754,1,G/A",G,R,-,R,A,-,A,A,-,G,-,-,R,-,-,-,-,G,-,G,-,-,A,-,R,G,-,-,-,-,-,-,R,-,-,R,-,-,G,A,A,A,-,A,G,A,-,-,R,R,R,R,-,-,A,R,G,R,G,A
"9,136460977,1,G/A",G,-,-,G,-,-,-,-,-,-,-,-,-,-,-,-,-,-,G,-,-,R,-,R,-,-,-,G,-,-,-,G,A,R,-,-,-,-,-,-,-,-,-,-,-,G,-,G,-,G,-,-,-,-,-,A,-,-,-,-
"9,138525296,1,T/C",T,Y,-,T,C,-,C,-,-,T,-,-,-,-,-,C,-,-,-,-,-,-,-,-,-,C,-,Y,-,-,-,Y,-,C,Y,-,Y,-,Y,-,-,-,-,-,C,C,-,-,-,-,-,-,-,-,-,-,-,-,C,-
"9,138527753,1,G/A",G,R,A,G,A,-,A,-,-,G,-,-,-,-,-,-,-,-,-,-,-,-,-,-,-,A,-,-,-,-,G,G,-,A,R,-,-,-,R,-,-,-,-,-,A,-,-,-,-,A,-,-,-,-,-,-,-,-,A,-
"9,138758825,1,A/G",A,R,-,-,-,-,-,-,-,-,-,-,-,-,-,A,-,-,-,-,A,-,-,-,G,G,-,-,-,-,-,-,-,-,-,-,R,-,R,-,A,-,-,R,-,-,-,-,-,R,-,-,-,-,-,-,-,-,-,-
"9,138806068,1,G/A",G,R,R,-,-,-,-,-,-,A,-,-,-,-,G,-,-,-,G,-,-,-,-,-,-,-,A,-,-,A,-,-,-,-,-,R,-,-,A,-,-,G,G,A,-,-,-,G,-,-,-,-,-,-,-,-,-,A,-,-
"9,138806111,1,C/A",C,M,M,-,C,-,-,-,-,-,-,-,-,-,C,-,-,-,C,-,-,-,-,-,-,-,A,-,-,A,-,-,-,-,-,-,-,-,A,-,C,C,C,A,-,-,-,-,-,-,-,-,-,-,-,-,-,A,-,-
"9,138806178,1,T/C",T,Y,Y,-,-,-,-,-,-,C,-,-,-,-,T,-,-,-,T,-,T,-,-,-,Y,-,-,-,-,C,-,-,-,-,-,Y,-,-,-,-,-,T,-,C,-,-,-,T,-,-,-,-,-,-,-,-,-,C,-,-
"9,139197866,1,A/G",A,R,-,A,-,G,G,-,A,-,A,-,-,-,-,A,-,-,-,-,G,-,-,-,-,G,-,R,-,-,R,-,G,-,-,-,A,R,R,-,R,-,-,R,-,-,-,R,-,-,G,G,-,-,-,G,-,-,G,-
"9,153916,1,A/T",A,W,-,-,A,-,-,A,-,-,-,-,-,-,-,-,A,A,-,-,-,-,-,A,W,-,-,-,-,-,-,-,-,-,A,-,A,-,A,A,-,A,-,A,A,W,A,-,-,W,A,A,-,-,-,-,W,A,-,-
"9,19052942,1,G/A",G,R,R,R,A,R,-,-,-,-,-,-,R,A,-,-,-,G,-,-,A,-,A,-,-,-,R,-,R,-,-,R,R,-,R,-,R,R,R,A,-,A,-,-,-,R,R,R,A,-,R,-,-,G,G,-,-,G,-,R
"9,33459191,1,C/T",C,Y,C,Y,C,Y,T,Y,C,C,C,Y,-,-,Y,-,-,C,C,C,C,Y,-,Y,Y,Y,-,Y,C,Y,C,Y,Y,Y,-,T,C,-,-,T,-,Y,-,Y,T,C,Y,Y,Y,Y,C,-,C,T,-,-,T,-,Y,-
"9,33786660,1,T/C",T,-,T,-,T,Y,Y,T,T,T,T,T,Y,T,T,-,T,T,-,-,T,T,T,Y,Y,T,T,T,-,Y,-,T,Y,T,-,Y,T,-,T,-,T,Y,T,T,T,Y,T,T,Y,-,T,Y,-,C,T,T,T,T,T,Y
"9,35801508,1,A/G",A,A,-,A,-,A,-,-,-,-,-,-,-,-,-,-,R,-,-,A,A,-,-,-,R,A,-,-,A,A,A,-,A,-,-,A,-,-,-,-,-,-,-,A,-,R,-,-,-,R,R,-,A,-,R,-,-,A,-,A
"9,43119535,1,G/A",G,R,-,-,-,R,-,-,-,-,G,-,-,R,-,-,R,-,-,G,-,-,-,-,-,-,-,-,G,R,G,-,-,-,-,R,-,R,G,-,-,-,-,-,-,-,-,-,G,G,-,-,-,-,-,-,-,-,G,G
"9,43119541,1,A/C",A,M,-,-,-,M,-,-,-,-,A,-,-,M,-,-,M,-,-,A,-,-,-,-,A,-,-,-,A,M,A,-,-,-,-,M,-,-,A,-,-,-,-,-,A,-,-,A,A,-,-,-,-,-,-,-,-,A,A,A
"9,5112932,1,G/A",G,R,-,R,-,-,-,-,-,-,R,-,R,-,A,-,-,-,-,-,-,-,-,R,R,-,-,-,G,R,R,R,-,-,-,A,-,-,-,R,-,-,A,-,-,R,A,-,-,-,-,R,G,G,-,-,R,-,-,-
"9,68681121,1,T/C",T,Y,T,T,-,T,-,T,-,-,T,T,T,T,T,T,-,-,-,T,T,-,Y,Y,T,T,T,-,T,T,T,-,T,T,Y,T,T,T,-,-,Y,-,T,Y,T,T,T,-,T,T,T,Y,-,-,-,T,Y,T,T,Y
"9,68681133,1,G/C",G,S,G,G,-,G,-,G,-,-,G,G,G,G,G,G,S,-,-,G,-,-,-,S,G,G,G,-,G,G,G,-,G,G,-,G,G,G,G,-,S,-,G,S,G,-,G,-,G,G,G,S,-,-,-,G,S,G,G,S
"9,68681168,1,G/C",G,S,G,G,-,G,-,-,-,-,-,G,G,S,G,G,G,G,-,G,-,-,G,-,G,G,G,G,G,G,G,-,G,G,S,G,G,G,-,-,-,-,G,-,G,-,G,-,G,G,G,S,-,-,-,G,S,G,G,G
"9,68713457,1,G/A",G,R,G,-,-,G,G,R,A,G,G,-,-,G,-,G,R,G,-,G,-,G,G,-,G,G,G,-,G,-,G,G,G,-,G,G,G,G,G,G,G,G,G,-,G,G,G,-,G,G,G,G,G,R,-,G,-,G,G,G
"9,71040673,1,G/A",G,R,A,-,-,-,-,-,-,-,G,G,-,-,-,-,G,-,-,-,-,-,-,-,-,G,-,-,-,-,R,-,-,G,-,R,-,-,R,G,-,R,G,-,-,G,-,-,-,G,-,-,-,-,-,-,-,G,-,-
"9,8518542,1,A/T",A,A,-,-,A,A,A,W,A,A,A,A,-,A,A,-,A,A,-,-,-,-,-,-,A,W,-,A,-,-,-,W,W,-,A,-,-,W,-,A,A,-,-,A,A,-,A,-,-,A,-,A,A,-,-,A,A,-,-,-
"9,99109702,1,T/A",T,W,A,-,A,W,-,T,-,-,-,-,-,-,W,-,-,-,-,-,A,-,W,W,-,-,-,W,-,-,-,-,-,W,-,-,-,-,W,W,A,-,-,-,-,T,W,-,W,A,-,W,-,-,-,A,-,-,-,-
